####
#
# OBJ File Generated by Meshlab
#
####
# Object bunny.obj
#
# Vertices: 1522
# Faces: 2999
#
####
vn 0.6188164 0.7536356 0.2215845
v 0.0511743 0.0330719 0.0104568
vn 0.8989229 0.3761964 0.2245307
v 0.0642786 0.0136747 0.0102525
vn -0.1579831 0.9774191 -0.1403329
v -0.0016715 0.0386038 -0.0043306
vn 0.7039456 0.5890131 0.3968931
v 0.0553531 0.0270813 0.0147721
vn 0.4362512 0.5421616 0.7181544
v 0.0079988 0.0768345 -0.0233750
vn -0.9860191 0.1453416 0.0815005
v -0.0667483 0.0482586 0.0117721
vn -0.2392915 0.7588788 0.6056753
v -0.0539509 0.0598719 0.0291731
vn -0.0852929 0.0493436 -0.9951333
v -0.0458120 0.0458046 -0.0203705
vn 0.2043234 0.7150329 0.6685656
v -0.0409461 0.0641737 0.0235532
vn -0.1599440 0.6901411 0.7057784
v -0.0287415 0.0728803 -0.0048254
vn -0.2174051 0.6493538 0.7287488
v -0.0035881 0.0281360 0.0215216
vn 0.2477742 0.3979438 0.8833169
v -0.0246794 0.0717012 -0.0038821
vn 0.7146909 0.5092348 -0.4794757
v 0.0573045 0.0213792 -0.0188473
vn -0.3670110 0.0482593 -0.9289639
v -0.0475421 0.0013479 -0.0284421
vn -0.3014208 0.8286653 0.4716561
v -0.0500081 0.0759842 -0.0264827
vn -0.8558334 0.3114703 -0.4129594
v -0.0654453 0.0462510 -0.0076460
vn -0.3500143 0.4138671 0.8403595
v -0.0034620 -0.0444194 0.0406687
vn 0.2174549 -0.0996512 0.9709702
v 0.0331002 -0.0457014 0.0330653
vn -0.0904389 0.4282898 0.8991044
v -0.0170944 -0.0438566 0.0295870
vn 0.0327424 0.4418979 0.8964677
v -0.0001270 -0.0432424 0.0411571
vn -0.0170779 0.5955305 0.8031512
v -0.0309446 -0.0431885 0.0324857
vn 0.2909495 0.1708912 0.9413525
v 0.0137628 -0.0444465 0.0371314
vn 0.1382996 -0.1953665 0.9709301
v 0.0185569 -0.0427312 0.0351778
vn 0.0522574 -0.4734621 0.8792627
v 0.0250993 -0.0427736 0.0345470
vn 0.2065590 -0.5560164 0.8050958
v 0.0300106 -0.0425378 0.0348419
vn -0.3208179 0.8558941 0.4056122
v 0.0000639 0.0359786 0.0123135
vn 0.1086908 0.5809446 0.8066534
v -0.0250773 -0.0419778 0.0301025
vn -0.2170077 0.7044842 0.6757290
v -0.0009619 -0.0396364 0.0381945
vn 0.0810639 0.7325559 0.6758627
v 0.0032037 -0.0395314 0.0376214
vn 0.2112402 0.4651655 0.8596503
v 0.0071820 -0.0412427 0.0380752
vn 0.1554581 -0.5521104 0.8191501
v 0.0279851 -0.0377502 0.0397189
vn 0.6024278 0.0048365 0.7981587
v -0.0194130 0.0746729 -0.0068998
vn -0.1153428 0.2535444 0.9604225
v -0.0194745 -0.0378595 0.0275672
vn -0.0149017 -0.2551231 0.9667938
v 0.0126488 -0.0397795 0.0363848
vn -0.0439263 -0.6382960 0.7685368
v 0.0211113 -0.0383979 0.0390448
vn -0.0515970 -0.2644340 0.9630226
v 0.0614558 -0.0398703 0.0195107
vn 0.9160619 0.1353452 0.3775081
v 0.0664679 0.0034492 0.0131091
vn -0.2161037 0.7841446 0.5817356
v -0.0275916 -0.0389732 0.0261826
vn 0.1267766 0.9585672 0.2551012
v -0.0093023 0.0384345 0.0050331
vn -0.1914575 0.8652120 0.4634137
v -0.0011015 -0.0376649 0.0347411
vn -0.1573688 0.1391278 0.9776904
v 0.0066504 -0.0382705 0.0356718
vn -0.2803110 -0.4918873 0.8243013
v 0.0108307 -0.0381024 0.0373516
vn -0.1874781 0.9822592 -0.0043540
v 0.0137584 0.0426380 0.0005247
vn 0.1971103 -0.3075123 0.9309048
v 0.0572853 -0.0394185 0.0189989
vn 0.1943992 0.3742823 0.9067093
v -0.0198643 0.0773195 -0.0073447
vn -0.3972741 0.3944093 0.8286222
v 0.0030903 -0.0369942 0.0343046
vn -0.4673423 -0.3001290 0.8315731
v 0.0058601 -0.0349717 0.0367871
vn -0.2953929 -0.3537533 0.8874692
v 0.0111623 -0.0322318 0.0400378
vn -0.1522781 -0.4392079 0.8853857
v 0.0180539 -0.0356382 0.0408934
vn 0.0619494 -0.3947206 0.9167104
v 0.0241503 -0.0347656 0.0416947
vn 0.9577231 0.2651121 0.1117233
v 0.0666631 0.0094197 0.0058331
vn 0.0461373 0.1600460 0.9860308
v -0.0520842 0.0406507 0.0409142
vn 0.3914334 0.3671364 0.8437954
v -0.0492393 0.0469028 0.0379030
vn 0.2994494 -0.3324966 0.8943021
v 0.0671924 -0.0369801 0.0199851
vn 0.2835751 0.8643443 0.4153242
v 0.0364507 0.0399882 0.0146229
vn -0.6195550 0.4098823 0.6694387
v -0.0250325 -0.0359097 0.0246833
vn 0.2357937 0.0214255 0.9715670
v -0.0133896 -0.0334081 0.0268802
vn -0.5819274 0.5061496 0.6365322
v 0.0000663 -0.0358783 0.0313673
vn -0.0705228 0.0827857 0.9940690
v 0.0645944 -0.0346025 0.0203473
vn -0.8404084 -0.0072650 0.5419050
v -0.0263798 -0.0303032 0.0220238
vn 0.3385624 -0.3953723 0.8538479
v 0.0319381 -0.0353475 0.0396082
vn 0.0709700 0.6047888 0.7932174
v -0.0092884 0.0888062 -0.0157386
vn 0.8617630 0.2904378 0.4159453
v 0.0133357 0.0858029 -0.0353050
vn -0.9924456 0.0432843 -0.1147962
v -0.0661093 0.0094023 -0.0006259
vn -0.5452701 0.2986812 -0.7832433
v -0.0524884 0.0121845 -0.0237918
vn 0.8975789 0.0692369 -0.4353830
v 0.0649492 -0.0002411 -0.0204575
vn -0.1369514 0.2425730 0.9604180
v -0.0064507 -0.0330552 0.0245701
vn -0.5729859 -0.2242287 0.7882948
v 0.0070407 -0.0289686 0.0395478
vn -0.0336082 0.4387608 0.8979753
v -0.0541451 0.0478249 0.0386711
vn 0.1362442 -0.1963555 0.9710211
v -0.0060374 -0.0259740 0.0254806
vn -0.1617344 0.9493826 -0.2692856
v 0.0158929 0.0417370 -0.0105137
vn -0.1966935 0.7174929 0.6682183
v 0.0139843 0.0347413 0.0229298
vn 0.3015675 -0.1107938 0.9469857
v 0.0609286 -0.0328102 0.0194785
vn 0.1669440 0.3044076 0.9377984
v 0.0646791 -0.0277488 0.0182139
vn -0.6984787 0.2125315 -0.6833432
v -0.0565738 0.0121922 -0.0200216
vn -0.1219365 -0.2930372 0.9482936
v 0.0175843 -0.0289250 0.0426600
vn 0.0394084 -0.2350778 0.9711773
v 0.0234041 -0.0286422 0.0432847
vn 0.2762158 -0.2565180 0.9262307
v 0.0296144 -0.0303138 0.0416305
vn 0.5085241 0.8559788 0.0932932
v 0.0450233 0.0383089 0.0055776
vn -0.2755618 0.7142814 0.6433254
v -0.0241052 0.0781018 -0.0083569
vn 0.1687187 0.8764498 0.4509654
v -0.0102886 0.0363331 0.0108952
vn 0.0099554 -0.1434655 0.9896052
v -0.0170722 -0.0272610 0.0287802
vn -0.2413356 -0.2357653 0.9413670
v 0.0130241 -0.0256420 0.0434442
vn 0.3318087 -0.2001313 0.9218734
v 0.0308639 -0.0242601 0.0432724
vn -0.1829742 0.9824225 -0.0369649
v -0.0532988 0.0681416 0.0013780
vn -0.4913612 -0.0608778 0.8688257
v -0.0209007 -0.0285938 0.0274809
vn 0.3134690 -0.1790499 0.9325655
v -0.0113583 -0.0258115 0.0277694
vn -0.6967329 -0.2090516 -0.6861928
v -0.0628092 0.0322748 -0.0134490
vn -0.2957352 0.6317816 0.7165143
v 0.0042286 0.0296447 0.0241160
vn 0.0803619 0.5514985 0.8302960
v 0.0241657 0.0312312 0.0264129
vn 0.1359638 0.3581732 0.9237022
v 0.0718903 -0.0260901 0.0183590
vn 0.5311879 0.2254843 0.8166984
v -0.0046390 0.0911913 -0.0185769
vn -0.0188106 -0.1397651 0.9900060
v 0.0203787 -0.0226909 0.0445015
vn 0.0077079 0.6857515 0.7277949
v -0.0513526 0.0575255 0.0320714
vn -0.0699787 0.9946657 0.0757842
v 0.0212078 0.0434745 0.0054331
vn 0.4789593 0.8591124 0.1803434
v 0.0061429 0.0995463 -0.0324237
vn 0.7057037 0.1738532 0.6868460
v -0.0232834 0.0350748 0.0146559
vn -0.7341768 -0.6649345 0.1372834
v -0.0674607 0.0268261 0.0262361
vn -0.2171320 -0.0063469 -0.9761216
v -0.0338422 0.0009401 -0.0334341
vn -0.5455859 -0.1451557 0.8253883
v -0.0043573 -0.0257415 0.0258595
vn -0.7870516 -0.2383874 0.5689652
v -0.0028588 -0.0212783 0.0288997
vn 0.1130280 0.6332952 0.7656121
v 0.0679311 -0.0197156 0.0134242
vn 0.1308167 -0.0795293 0.9882116
v 0.0266929 -0.0217545 0.0442268
vn 0.3505583 -0.0907104 0.9321377
v 0.0330412 -0.0195385 0.0427193
vn -0.1325592 0.5404090 0.8308948
v 0.0689149 -0.0233075 0.0165040
vn 0.4698128 0.2499235 0.8466488
v 0.0757912 -0.0239166 0.0163664
vn -0.3796129 -0.1674045 0.9098735
v 0.0086359 -0.0222886 0.0420369
vn -0.6883880 -0.2077370 -0.6949585
v -0.0589131 0.0254667 -0.0128812
vn 0.1829393 -0.1184473 0.9759628
v -0.0138997 -0.0206469 0.0295445
vn 0.2436988 -0.1721021 0.9544589
v -0.0082323 -0.0198378 0.0274718
vn -0.3655119 -0.2532423 0.8956950
v 0.0061777 -0.0173592 0.0424735
vn -0.2125354 -0.2007653 0.9563065
v 0.0098218 -0.0168247 0.0429517
vn 0.2279280 0.5124901 0.8278905
v 0.0398528 0.0284491 0.0245428
vn 0.3171622 0.6099297 0.7262190
v -0.0213437 0.0346815 0.0135244
vn 0.1226804 0.5993277 0.7910473
v 0.0742067 -0.0200137 0.0145566
vn 0.9736126 0.1291605 0.1881387
v 0.0679703 0.0005686 0.0094442
vn 0.2012706 0.5571558 0.8056474
v 0.0368673 0.0334541 0.0222324
vn -0.4971029 0.7893027 0.3604025
v -0.0619399 0.0632505 0.0174942
vn -0.1711950 -0.1301424 0.9766040
v -0.0186151 -0.0191741 0.0295843
vn -0.0000339 0.8966923 0.4426544
v -0.0483859 0.0777557 -0.0292819
vn -0.1471258 -0.1640651 0.9754161
v 0.0155412 -0.0184816 0.0444856
vn 0.9581597 0.2246550 0.1773701
v -0.0389778 0.0835461 -0.0655462
vn 0.9523557 0.1407046 0.2705934
v -0.0303478 0.0570430 0.0125026
vn -0.1059847 -0.0431444 -0.9934313
v -0.0186226 0.0029444 -0.0345914
vn -0.3627432 -0.2737954 0.8907601
v -0.0051366 -0.0190174 0.0274256
vn -0.1909781 -0.1432099 0.9710913
v 0.0137540 -0.0133715 0.0451823
vn 0.1484304 -0.0829557 0.9854373
v 0.0244741 -0.0147289 0.0445853
vn -0.3173157 0.7872554 0.5287151
v 0.0049580 0.0345216 0.0190994
vn 0.0186608 -0.0226902 0.9995684
v -0.0494111 0.0357366 0.0413272
vn -0.3036318 -0.1944425 0.9327378
v -0.0554776 0.0359178 0.0399379
vn 0.3341715 0.3363090 -0.8804690
v 0.0283268 0.0026405 -0.0449075
vn -0.0904144 -0.3744516 0.9228279
v -0.0249465 -0.0147216 0.0293111
vn 0.1217417 -0.1060026 0.9868852
v -0.0135195 -0.0127226 0.0299735
vn 0.1615848 -0.0103607 0.9868045
v 0.0283056 -0.0142239 0.0443216
vn 0.1953869 0.3476068 0.9170570
v 0.0272157 0.0254377 0.0291836
vn -0.7198954 -0.6940559 0.0060942
v -0.0538696 -0.0192530 0.0012545
vn -0.7543362 -0.3214611 0.5723983
v -0.0052042 -0.0140698 0.0294227
vn 0.0687308 -0.1055821 0.9920325
v 0.0206206 -0.0128064 0.0464056
vn 0.2959549 -0.0259505 0.9548494
v 0.0334037 -0.0117371 0.0432657
vn -0.9804890 0.1480559 0.1293086
v -0.0659084 0.0115029 0.0070834
vn -0.6104565 0.7832528 0.1177195
v -0.0257785 0.0790488 -0.0129301
vn -0.2077360 0.4544347 0.8662187
v 0.0045807 0.0248476 0.0275574
vn -0.7073699 0.6212090 0.3372348
v -0.0527507 0.0773286 -0.0324661
vn -0.0858446 -0.1627540 0.9829252
v -0.0210981 -0.0128042 0.0304339
vn -0.2623249 -0.2540495 0.9309375
v 0.0058209 -0.0105527 0.0439479
vn -0.2649572 0.7762393 0.5720580
v -0.0016708 0.0317629 0.0189671
vn 0.8365099 0.4764255 -0.2706842
v 0.0620814 0.0181850 -0.0121089
vn -0.6497070 0.5893124 -0.4801997
v -0.0186724 0.0838857 -0.0199184
vn 0.0114426 -0.2834069 0.9589315
v -0.0290092 -0.0082337 0.0319343
vn 0.1027869 -0.3159037 0.9432071
v -0.0256638 -0.0097117 0.0316280
vn 0.1319431 -0.2129101 0.9681221
v -0.0227949 -0.0091638 0.0307042
vn 0.0734617 -0.0970769 0.9925621
v -0.0183203 -0.0072424 0.0306525
vn -0.5751192 -0.2879317 0.7657240
v 0.0016307 -0.0086365 0.0430381
vn -0.0591642 -0.0513602 0.9969261
v 0.0095048 -0.0071305 0.0451842
vn -0.0141117 0.0695404 0.9974794
v 0.0171768 -0.0047647 0.0454764
vn 0.1984402 0.0202803 0.9799032
v 0.0230706 -0.0078204 0.0455094
vn -0.0527920 0.5103104 0.8583684
v 0.0183565 0.0293553 0.0276076
vn 0.2318846 0.5044959 0.8316931
v -0.0502209 0.0533783 0.0350784
vn 0.0771151 0.7016366 0.7083498
v 0.0262691 0.0365045 0.0215977
vn -0.0382678 0.8078247 0.5881792
v -0.0500163 0.0623647 0.0265119
vn 0.7010055 0.6171802 0.3573233
v -0.0422602 0.0717678 -0.0252686
vn 0.0306943 -0.0321074 0.9990130
v -0.0167837 -0.0016342 0.0312051
vn 0.0969086 -0.0907398 0.9911484
v -0.0121711 -0.0058263 0.0307123
vn -0.2754505 -0.2377450 0.9314529
v -0.0076530 -0.0089300 0.0295115
vn -0.0365451 0.0902091 0.9952521
v 0.0119884 -0.0019278 0.0453026
vn 0.2460507 0.0029618 0.9692525
v 0.0299215 -0.0078330 0.0437325
vn 0.0419792 0.6078399 0.7929493
v -0.0161798 0.0295844 0.0200886
vn 0.1963461 0.5354368 0.8214351
v 0.0294653 0.0319254 0.0248723
vn -0.8667076 -0.1285257 -0.4819742
v -0.0445737 0.0745290 -0.0677396
vn 0.1842310 -0.0985451 0.9779304
v -0.0240238 -0.0042745 0.0322063
vn -0.6222012 -0.1235518 0.7730463
v -0.0066688 -0.0019226 0.0323374
vn -0.2151926 -0.0428212 0.9756324
v 0.0050869 -0.0050030 0.0454919
vn -0.0798859 0.1942624 0.9776914
v 0.0078558 0.0004174 0.0446577
vn 0.4751312 0.2001266 0.8568546
v -0.0151651 0.0809659 -0.0099020
vn -0.0012340 0.9537062 0.3007374
v -0.0447438 0.0668322 0.0184493
vn -0.1164582 -0.2033072 0.9721645
v -0.0325920 -0.0055337 0.0327154
vn 0.0219070 -0.0400378 0.9989580
v -0.0298822 -0.0014793 0.0331459
vn 0.1551522 -0.0149820 0.9877770
v -0.0204728 -0.0017698 0.0311434
vn -0.0760675 -0.1797305 0.9807705
v -0.0107303 -0.0017092 0.0307184
vn 0.0094833 0.6772708 0.7356727
v -0.0219062 0.0287209 0.0205624
vn 0.2390993 0.9130454 -0.3304236
v -0.0188354 0.0398707 -0.0143250
vn -0.3920455 0.8306381 0.3953996
v -0.0507190 0.0796063 -0.0341698
vn 0.2802091 0.8453897 0.4547518
v -0.0462342 0.0757750 -0.0264595
vn 0.1646457 0.9560339 0.2426748
v 0.0327173 0.0423937 0.0100231
vn -0.4355915 0.8400080 0.3234914
v -0.0149929 0.0869966 -0.0167158
vn -0.0014096 0.9990125 -0.0444088
v 0.0256441 0.0440259 -0.0009640
vn 0.1502572 0.9864005 0.0666100
v 0.0314950 0.0435792 0.0029339
vn -0.2512243 0.8634387 0.4374471
v -0.0058930 0.0924139 -0.0189636
vn 0.9720610 -0.1043743 0.2102462
v 0.0132040 0.0794957 -0.0309623
vn -0.1792549 -0.2039028 0.9624403
v -0.0403476 -0.0025502 0.0322765
vn -0.1057865 -0.1621937 0.9810721
v -0.0355985 -0.0019346 0.0323469
vn -0.3198192 0.3187276 0.8922603
v 0.0052357 0.0004411 0.0443529
vn 0.1178509 0.1892849 0.9748243
v 0.0239776 -0.0007662 0.0448984
vn -0.9872737 -0.1589938 0.0034117
v -0.0678757 0.0516381 0.0077168
vn -0.2636668 0.0902727 0.9603805
v -0.0408827 0.0032822 0.0327208
vn 0.1135811 0.1397201 0.9836553
v -0.0263765 0.0047464 0.0325240
vn 0.1523233 0.1128126 0.9818711
v -0.0231007 0.0060313 0.0316108
vn -0.1604859 -0.0398370 0.9862339
v -0.0130950 0.0030721 0.0315272
vn -0.0602442 0.2636005 0.9627489
v 0.0129138 0.0033576 0.0445401
vn 0.0571103 0.2108749 0.9758434
v 0.0195564 0.0035294 0.0443846
vn 0.2328746 0.4328224 0.8708813
v 0.0306200 0.0031279 0.0425086
vn 0.3576918 0.3897307 0.8486263
v 0.0356507 0.0039847 0.0407004
vn 0.1630038 -0.4317562 0.8871394
v -0.0471225 0.0296554 0.0403703
vn 0.3738456 0.1913442 0.9075390
v 0.0445713 -0.0024976 0.0377119
vn 0.3758585 0.9246450 0.0613362
v -0.0438751 0.0672163 -0.0105939
vn 0.0564908 0.7421367 0.6678637
v -0.0132968 0.0333245 0.0169472
vn -0.3227517 0.1794566 0.9293151
v -0.0437191 0.0051610 0.0310073
vn -0.0158896 -0.0039468 0.9998660
v -0.0354948 0.0027512 0.0332591
vn 0.9929348 -0.0031349 0.1186196
v -0.0261852 0.0549431 -0.0031403
vn -0.2277695 0.9616126 -0.1530431
v 0.0093937 0.0409995 -0.0074626
vn -0.0878425 0.2742008 0.9576522
v -0.0364712 0.0068814 0.0326067
vn 0.0619233 0.1980149 0.9782411
v -0.0302603 0.0050186 0.0323481
vn -0.2296309 0.0257153 0.9729381
v -0.0073323 0.0045680 0.0323963
vn -0.0061065 0.4739693 0.8805202
v 0.0171475 0.0058473 0.0438141
vn 0.1777130 0.4584593 0.8707659
v 0.0243289 0.0069841 0.0425887
vn -0.2454050 -0.3342627 0.9099697
v -0.0517498 0.0304290 0.0404008
vn -0.2076709 0.6084002 0.7659779
v -0.0548287 0.0540343 0.0347295
vn -0.2757027 0.2481734 0.9286538
v -0.0036095 0.0078690 0.0324012
vn -0.1937238 0.5451944 0.8156189
v 0.0090178 0.0061943 0.0427927
vn 0.1993746 0.5793397 0.7903261
v 0.0326967 0.0086249 0.0382710
vn 0.8295766 0.4867821 0.2735797
v 0.0597856 0.0218423 0.0125980
vn -0.3653939 0.2371543 0.9001362
v -0.0473345 0.0092271 0.0293188
vn 0.0461236 0.8819790 0.4690263
v 0.0268978 0.0408592 0.0155444
vn -0.0794031 0.7500753 0.6565685
v 0.0153071 0.0096209 0.0406841
vn 0.0612330 0.7076231 0.7039318
v 0.0208700 0.0090151 0.0415068
vn 0.0369592 0.9968694 0.0698960
v -0.0430865 0.0686052 0.0094859
vn -0.1313442 0.9868507 -0.0942042
v 0.0187878 0.0431161 -0.0051329
vn 0.1631920 0.9743562 -0.1549141
v -0.0078385 0.0378697 -0.0091291
vn 0.0579272 0.2897106 0.9553597
v -0.0248369 0.0131565 0.0301793
vn 0.0443762 0.1987000 0.9790552
v -0.0195343 0.0115110 0.0299768
vn -0.1262154 0.2120578 0.9690723
v -0.0076631 0.0092378 0.0324394
vn 0.7584788 0.1974705 0.6210599
v 0.0663161 -0.0191356 0.0143732
vn -0.9044853 -0.1434205 -0.4016677
v -0.0459209 0.0797276 -0.0644802
vn 0.9637341 -0.2408077 -0.1150135
v -0.0390374 0.0673551 -0.0432254
vn 0.1759762 0.7301361 0.6602527
v 0.0275174 0.0103417 0.0384617
vn 0.1640175 0.4792443 0.8622199
v 0.0360254 0.0108364 0.0362930
vn 0.3055045 0.3052987 0.9019200
v 0.0410473 0.0080185 0.0356054
vn 0.3927878 0.2830643 0.8749814
v 0.0455544 0.0073721 0.0348813
vn -0.1677649 0.2864136 0.9433039
v -0.0398523 0.0100524 0.0307695
vn 0.0427930 0.3229910 0.9454341
v -0.0285389 0.0147030 0.0296956
vn -0.1623179 0.3052424 0.9383390
v -0.0032355 0.0121153 0.0319545
vn -0.0379087 0.6626475 0.7479714
v 0.0296302 0.0132054 0.0346299
vn 0.0272347 0.2873480 0.9574390
v -0.0318043 0.0115888 0.0308513
vn 0.0450759 0.3897022 0.9198371
v -0.0156646 0.0150970 0.0284267
vn -0.1332157 0.2856406 0.9490327
v -0.0137200 0.0100412 0.0308132
vn 0.1515911 0.9731779 0.1730460
v -0.0395147 0.0678457 0.0133175
vn -0.1095905 0.4683050 0.8767442
v -0.0116476 0.0185781 0.0272415
vn -0.1635708 0.4045192 0.8997827
v 0.0023941 0.0129842 0.0321072
vn 0.6252376 0.0053235 0.7804163
v -0.0088507 0.0863581 -0.0150275
vn -0.0350223 0.6189783 0.7846268
v 0.0348454 0.0167137 0.0330368
vn 0.2734509 0.4714842 0.8384076
v 0.0408328 0.0146480 0.0335831
vn -0.0449555 0.3680686 0.9287112
v -0.0350386 0.0155423 0.0298110
vn 0.0123950 0.6302616 0.7762839
v 0.0234074 0.0140515 0.0327442
vn 0.4577723 -0.1287133 0.8797031
v -0.0449322 0.0324197 0.0403582
vn 0.2775972 0.6116120 0.7408580
v -0.0464209 0.0590117 0.0299471
vn 0.0745386 0.2402085 0.9678553
v 0.0224213 0.0189933 0.0314325
vn -0.0896058 0.6110668 0.7864911
v 0.0330560 0.0186189 0.0304905
vn -0.2068104 0.3401851 0.9173350
v -0.0437757 0.0159130 0.0280706
vn 0.1121567 0.3740696 0.9205937
v -0.0210663 0.0175720 0.0288065
vn -0.1282897 0.3047537 0.9437516
v 0.0101006 0.0201866 0.0307325
vn 0.0992370 0.5829344 0.8064364
v 0.0388890 0.0203398 0.0294050
vn -0.0138236 0.5947500 0.8037919
v -0.0158482 0.0825368 -0.0104408
vn 0.5075199 0.6876667 0.5191705
v 0.0473655 0.0323207 0.0177821
vn -0.3353610 0.1946939 0.9217523
v -0.0490184 0.0170855 0.0255444
vn 0.4446761 0.4589825 0.7691543
v 0.0471006 0.0160463 0.0293040
vn 0.8290303 0.3407616 0.4433851
v 0.0620758 0.0120724 0.0171575
vn 0.3752892 0.0715315 0.9241436
v -0.0314431 0.0275889 0.0229574
vn -0.0684811 0.4882023 0.8700396
v -0.0369771 0.0187543 0.0279069
vn -0.2270336 0.5202539 0.8232810
v -0.0042541 0.0210549 0.0271975
vn -0.1319731 0.3891062 0.9116905
v 0.0066310 0.0168421 0.0310033
vn 0.0729895 0.4127354 0.9079219
v 0.0295880 0.0192083 0.0298631
vn -0.4129558 0.7953769 0.4436701
v -0.0501139 0.0728181 -0.0210527
vn -0.0050705 0.4765599 0.8791274
v -0.0286824 0.0206071 0.0269267
vn 0.1072718 0.5054477 0.8561632
v -0.0162543 0.0230284 0.0245350
vn -0.1559312 0.3954161 0.9051694
v -0.0007098 0.0178389 0.0301523
vn -0.0922285 0.3584939 0.9289651
v 0.0146555 0.0242654 0.0299728
vn -0.1765033 0.5561814 0.8121015
v 0.0114468 0.0298404 0.0262908
vn 0.3223825 0.5097083 0.7976635
v 0.0444710 0.0223692 0.0264491
vn -0.7626087 0.5307367 0.3697926
v -0.0532235 0.0733032 -0.0260796
vn 0.0500161 0.4854015 0.8728595
v -0.0305001 0.0243310 0.0243851
vn 0.0582897 0.5644369 0.8234157
v -0.0207199 0.0218434 0.0263691
vn 0.0298322 0.3731643 0.9272856
v 0.0214155 0.0244919 0.0301432
vn 0.2896233 0.9447027 -0.1538025
v -0.0164663 0.0406538 -0.0076732
vn 0.3676026 0.9157043 0.1623387
v 0.0399495 0.0403423 0.0085870
vn -0.6579092 0.2672320 -0.7040899
v -0.0085148 0.0011757 -0.0373858
vn -0.9243464 -0.3795095 0.0394488
v -0.0698519 0.0292842 0.0070034
vn 0.4353653 -0.3178087 0.8422913
v -0.0404378 0.0246357 0.0254309
vn -0.0129391 0.6108044 0.7916758
v -0.0105790 0.0271341 0.0215540
vn 0.8804038 0.4629191 0.1029327
v -0.0243199 0.0475869 0.0026728
vn 0.3662857 -0.3788668 0.8498793
v 0.0400320 -0.0498402 0.0311950
vn 0.2765587 0.1400867 0.9507319
v 0.0045875 -0.0458014 0.0405665
vn -0.2402814 0.0164152 -0.9705645
v -0.0462979 0.0307520 -0.0203564
vn 0.1605321 -0.4623356 0.8720523
v -0.0228742 -0.0514659 0.0326792
vn 0.2159173 -0.0242517 0.9761105
v 0.0232572 -0.0474860 0.0346886
vn 0.2358923 0.1763971 0.9556354
v -0.0268261 -0.0476033 0.0336158
vn 0.3519354 -0.0729549 0.9331769
v 0.0410914 -0.0418345 0.0309759
vn 0.4628202 -0.0960189 0.8812366
v 0.0426050 -0.0457111 0.0306983
vn 0.6419858 -0.2882929 0.7104516
v 0.0471144 -0.0444339 0.0274387
vn 0.3814646 0.5174918 0.7659550
v 0.0023937 0.0812140 -0.0249132
vn 0.6569880 -0.5921904 0.4665591
v 0.0501205 -0.0459977 0.0209281
vn 0.8470650 0.2863455 -0.4477578
v 0.0645508 0.0086201 -0.0162819
vn 0.4733481 0.5895705 0.6544832
v -0.0292704 0.0663287 0.0003700
vn 0.4059322 -0.5676382 0.7162445
v 0.0332316 -0.0404473 0.0353427
vn 0.6946523 0.3187190 0.6448849
v -0.0454206 0.0432245 0.0366485
vn 0.6843723 0.1423175 0.7151086
v 0.0005135 0.0946447 -0.0236074
vn 0.3708794 -0.3425980 0.8631774
v 0.0352534 -0.0419684 0.0326745
vn 0.6555130 -0.3666293 0.6602165
v 0.0527592 -0.0379142 0.0246123
vn 0.5895194 -0.6803276 0.4354552
v 0.0745762 -0.0400431 0.0106897
vn 0.6373284 -0.0464136 0.7691933
v 0.0008962 0.0720284 -0.0151876
vn 0.4512237 -0.4515792 0.7697229
v 0.0411726 -0.0376398 0.0319352
vn 0.4903509 -0.6282592 0.6040252
v 0.0690267 -0.0398069 0.0167266
vn 0.5642873 -0.3832716 0.7312200
v 0.0736727 -0.0352211 0.0163362
vn 0.8009145 0.0392636 0.5974901
v 0.0047690 0.0971299 -0.0291465
vn 0.8265157 0.1263920 0.5485407
v -0.0322649 0.0559545 0.0179866
vn 0.6157436 -0.4039178 0.6765428
v 0.0562978 -0.0375367 0.0205978
vn 0.7080231 -0.4600090 0.5358124
v 0.0777822 -0.0354877 0.0118436
vn 0.6156307 -0.5744895 0.5394077
v -0.0437255 0.0281678 0.0370837
vn 0.5177737 -0.2245429 0.8255246
v 0.0483343 -0.0381164 0.0272933
vn 0.6835057 0.3844066 0.6205252
v -0.0297428 0.0437446 0.0212050
vn 0.9207947 0.2457562 0.3028880
v 0.0664923 0.0068566 0.0115355
vn 0.7370107 -0.1596877 0.6567458
v -0.0014196 0.0895772 -0.0232559
vn 0.9894453 0.0597578 -0.1320115
v 0.0685652 -0.0024531 -0.0085313
vn 0.6445502 0.0950978 0.7586247
v -0.0147910 0.0755415 -0.0118250
vn 0.3154707 0.8641375 0.3921028
v -0.0471987 0.0704997 -0.0157638
vn -0.0151670 0.2756659 0.9611338
v 0.0166500 0.0167569 0.0318696
vn 0.6285266 -0.0517130 0.7760671
v -0.0321110 0.0337398 0.0259104
vn 0.3897384 -0.2866371 0.8751818
v 0.0392062 -0.0311041 0.0369162
vn 0.4089460 -0.5319175 0.7415032
v 0.0424865 -0.0345777 0.0341341
vn 0.1572254 0.1229740 0.9798763
v 0.0695894 -0.0305676 0.0198355
vn 0.3542624 0.2092332 0.9114382
v -0.0159979 0.0686534 -0.0067410
vn 0.6948436 0.0981759 0.7124281
v 0.0064541 0.0921707 -0.0312251
vn 0.6424040 0.1615322 0.7491492
v -0.0376730 0.0504821 0.0229159
vn 0.8640816 0.4110882 0.2904645
v -0.0242221 0.0442541 0.0113495
vn 0.4628915 -0.3103380 0.8303143
v 0.0354904 -0.0328635 0.0390241
vn 0.5025156 -0.2334094 0.8324652
v 0.0436546 -0.0302226 0.0357713
vn 0.5811096 -0.3851031 0.7169430
v 0.0474365 -0.0317535 0.0315016
vn 0.6766290 -0.1326724 0.7242730
v 0.0772102 -0.0295652 0.0158615
vn 0.5253607 0.5255520 0.6691720
v 0.0100159 0.0800883 -0.0274318
vn 0.7175267 0.0176359 0.6963078
v -0.0256663 0.0623536 -0.0011742
vn 0.4732116 -0.7474450 0.4662582
v -0.0038670 0.0684601 -0.0147899
vn 0.5569922 0.2341111 0.7968386
v -0.0411926 0.0583565 0.0268323
vn 0.3975067 0.4081551 0.8218260
v -0.0044656 0.0720457 -0.0117989
vn 0.4540164 -0.2039924 0.8673271
v 0.0341280 -0.0270658 0.0404482
vn 0.5380167 -0.2949695 0.7896398
v 0.0513156 -0.0300757 0.0296108
vn 0.4627498 -0.0179156 0.8863079
v 0.0745591 -0.0285297 0.0177844
vn 0.5222458 -0.5486957 0.6528341
v -0.0010606 0.0704997 -0.0146441
vn 0.5727127 -0.3158630 0.7564594
v -0.0178694 0.0645855 -0.0068716
vn 0.5448216 0.5022655 0.6714901
v 0.0515142 0.0246788 0.0217398
vn 0.2202767 0.6020092 0.7675045
v -0.0105369 0.0719166 -0.0095471
vn 0.4712194 -0.1971594 0.8596979
v 0.0375503 -0.0234699 0.0395390
vn 0.6745450 -0.2991264 0.6749167
v 0.0568320 -0.0293022 0.0256467
vn 0.8010419 -0.1779466 0.5715477
v 0.0796780 -0.0292630 0.0128760
vn -0.9941335 -0.0492970 -0.0962725
v -0.0709315 0.0336017 0.0050201
vn 0.9173099 -0.0479906 0.3952712
v 0.0820668 -0.0257411 0.0097364
vn 0.7795793 0.0465996 0.6245676
v -0.0352043 0.0603062 0.0216535
vn 0.8679905 0.4862203 0.1009078
v 0.0623157 0.0197239 0.0061326
vn 0.5681714 -0.1002680 0.8167788
v 0.0484139 -0.0232146 0.0328332
vn 0.7692957 0.0819883 0.6336104
v -0.0407110 0.0513622 0.0266361
vn 0.6192259 -0.1287680 0.7745826
v 0.0545231 -0.0242821 0.0288155
vn 0.7395068 -0.2022815 0.6420373
v 0.0597113 -0.0274826 0.0229793
vn 0.3098856 0.4871366 0.8164980
v -0.0174228 0.0715303 -0.0089120
vn 0.5551906 0.3197764 0.7677932
v -0.0260040 0.0303321 0.0196123
vn 0.5214254 -0.1434702 0.8411491
v 0.0428740 -0.0237470 0.0365550
vn 0.2233115 -0.7636962 0.6057228
v -0.0471964 0.0261311 0.0376472
vn -0.9904701 -0.1179152 -0.0711687
v -0.0685370 0.0545868 0.0054207
vn 0.4980290 0.4579605 0.7363690
v 0.0780564 -0.0212460 0.0140097
vn 0.7101228 -0.5844731 0.3925772
v -0.0414989 0.0271022 0.0312020
vn 0.4693248 -0.1855414 0.8633126
v 0.0409757 -0.0167536 0.0392646
vn 0.7370233 -0.0576324 0.6734057
v 0.0628512 -0.0247772 0.0192374
vn 0.7490638 0.1985434 0.6320474
v 0.0802704 -0.0224877 0.0123127
vn -0.8608549 -0.1487202 -0.4866325
v -0.0668187 0.0310902 -0.0073335
vn 0.6125821 -0.1802831 0.7695721
v 0.0490178 -0.0158359 0.0329704
vn 0.8330452 -0.0759912 0.5479608
v 0.0628536 -0.0180116 0.0205669
vn 0.1345497 0.4359350 0.8898636
v 0.0338654 0.0245083 0.0273558
vn 0.7246811 -0.3062702 0.6172811
v -0.0381056 0.0306328 0.0289806
vn 0.6905450 -0.0830131 0.7185099
v 0.0586971 -0.0174244 0.0260229
vn 0.4855667 0.6556083 0.5782757
v 0.0034902 0.0982665 -0.0276586
vn 0.5334565 0.2452643 0.8094873
v -0.0382191 0.0609969 0.0247283
vn 0.9927028 0.1108739 0.0474145
v 0.0685989 0.0018857 0.0010721
vn 0.7917101 0.5895151 -0.1602093
v 0.0582751 0.0257020 -0.0087635
vn 0.2264472 0.7644761 0.6035711
v -0.0043458 0.0734929 -0.0139243
vn 0.5879022 -0.1387261 0.7969480
v 0.0544622 -0.0142384 0.0295167
vn 0.3922743 -0.9185631 -0.0486085
v -0.0044274 0.0676372 -0.0176832
vn 0.7124215 0.0797737 0.6972027
v 0.0077520 0.0744386 -0.0216350
vn -0.4141359 -0.8607636 0.2959351
v -0.0442326 -0.0256079 0.0082190
vn 0.7332823 0.4187162 0.5356994
v 0.0573651 0.0200659 0.0184201
vn 0.4824851 0.4101879 0.7739213
v 0.0491345 0.0122491 0.0304379
vn 0.5115885 -0.8163561 0.2680299
v 0.0010787 0.0700229 -0.0178927
vn 0.7851890 0.2423197 -0.5698767
v 0.0623659 0.0020139 -0.0239129
vn 0.5438491 -0.0448043 0.8379861
v 0.0447025 -0.0098006 0.0384570
vn 0.1881098 0.7385113 0.6474689
v -0.0134645 0.0726829 -0.0108351
vn 0.3925780 -0.0265945 0.9193341
v 0.0385138 -0.0119381 0.0415133
vn 0.6777087 -0.5568649 0.4802212
v -0.0225447 0.0597935 -0.0054604
vn 0.7115989 0.1843470 0.6779699
v -0.0299531 0.0389128 0.0235569
vn 0.6048694 -0.0906235 0.7911513
v 0.0537306 -0.0086821 0.0316162
vn 0.7009919 -0.0446534 0.7117699
v 0.0580488 -0.0093944 0.0276289
vn 0.6994408 -0.0606534 0.7121121
v -0.0381952 0.0553832 0.0247187
vn 0.5504484 0.2794989 0.7866938
v -0.0203762 0.0696977 -0.0063697
vn 0.8534728 0.2068174 0.4783418
v 0.0628938 0.0055139 0.0195825
vn 0.1767818 0.7436804 0.6447384
v 0.0334331 0.0372097 0.0200792
vn 0.8096405 0.1620059 0.5641246
v -0.0409368 0.0370775 0.0348307
vn 0.6260208 -0.1358851 0.7678757
v 0.0481675 -0.0126670 0.0350949
vn 0.6216152 0.3043173 0.7217933
v -0.0332977 0.0492333 0.0208180
vn 0.7457051 -0.1685057 0.6446161
v -0.0096039 0.0813115 -0.0165787
vn 0.3871758 0.1269145 0.9132292
v 0.0381087 -0.0059279 0.0410291
vn 0.6686100 0.2744910 0.6910973
v -0.0442624 0.0525339 0.0318760
vn 0.2575266 0.7058337 0.6599082
v -0.0041127 0.0758896 -0.0175414
vn 0.6027670 0.0107983 0.7978442
v 0.0545086 -0.0034125 0.0306387
vn 0.9138336 -0.0054226 0.4060527
v 0.0667867 -0.0098193 0.0141293
vn -0.7036516 -0.2182854 -0.6761848
v -0.0521019 0.0902737 -0.0647949
vn 0.7072395 -0.0549331 0.7048367
v -0.0184824 0.0729613 -0.0082737
vn 0.7169591 -0.1234996 0.6860886
v -0.0141366 0.0793893 -0.0110582
vn 0.3697340 0.5507167 0.7483368
v 0.0457366 0.0286091 0.0223339
vn 0.9520998 0.1703660 -0.2539321
v 0.0672230 0.0045914 -0.0121056
vn 0.4601327 0.4419477 0.7700390
v 0.0505527 0.0199041 0.0253111
vn 0.3912964 0.0176941 0.9200946
v 0.0340861 -0.0035535 0.0424508
vn 0.8274652 0.3583776 0.4322810
v -0.0293989 0.0490007 0.0163728
vn 0.6002234 0.4058783 0.6891986
v 0.0547368 0.0160656 0.0240595
vn 0.7499350 -0.0237970 0.6610833
v -0.0429219 0.0331844 0.0387357
vn 0.8230876 -0.0054127 0.5678887
v 0.0626331 -0.0066959 0.0219852
vn 0.9415467 0.0475434 0.3335110
v 0.0673938 -0.0033115 0.0127123
vn -0.0148782 0.3402302 0.9402245
v -0.0401523 0.0218306 0.0259891
vn 0.7964566 0.1004098 0.5963010
v -0.0268724 0.0350603 0.0203888
vn 0.3072065 0.6582078 0.6873039
v 0.0042628 0.0778505 -0.0228682
vn 0.7844090 0.2959202 0.5450999
v 0.0101639 0.0937899 -0.0356802
vn 0.4468819 -0.2725374 0.8520681
v -0.0077589 0.0705528 -0.0103631
vn 0.2387709 0.3619390 0.9011041
v -0.0137271 0.0704654 -0.0077641
vn 0.8520483 -0.2458750 0.4621246
v -0.0408170 0.0314247 0.0347972
vn 0.5808869 0.0326579 0.8133290
v 0.0518737 -0.0036847 0.0323117
vn 0.7694643 -0.0037215 0.6386790
v 0.0593728 -0.0040472 0.0259207
vn 0.5461875 0.3548026 0.7588111
v -0.0344384 0.0422010 0.0260581
vn 0.5934272 0.3300210 0.7341188
v 0.0539892 0.0088744 0.0288855
vn 0.7838759 0.2677462 0.5602236
v -0.0421022 0.0461246 0.0302128
vn 0.9449044 0.0010669 -0.3273447
v 0.0673715 -0.0038860 -0.0139091
vn 0.7068124 0.3284766 -0.6265137
v 0.0590267 0.0072019 -0.0244055
vn 0.5295708 0.1752977 0.8299551
v 0.0375845 0.0012641 0.0402693
vn 0.4722764 0.2464194 0.8463052
v 0.0407133 0.0016442 0.0375247
vn 0.5462611 0.1682162 0.8205499
v 0.0525399 0.0044532 0.0315132
vn 0.6752628 0.0950902 0.7314219
v 0.0568113 0.0005230 0.0293560
vn 0.8673791 0.0700498 0.4926932
v 0.0641428 0.0004187 0.0187673
vn 0.4783722 0.1983981 0.8554521
v -0.0215421 0.0670158 -0.0040395
vn 0.7407271 0.2997243 0.6012394
v 0.0589424 0.0074583 0.0247175
vn 0.5673742 0.1882748 0.8016478
v 0.0014760 0.0841981 -0.0257632
vn 0.4387786 0.3895848 0.8097512
v 0.0380147 0.0067591 0.0378508
vn 0.6121853 0.4704593 0.6355291
v -0.0359497 0.0636289 0.0218570
vn 0.4754567 0.4944598 0.7276335
v 0.0030606 0.0742284 -0.0177158
vn 0.8060763 0.2772303 0.5228617
v -0.0237834 0.0384384 0.0148042
vn 0.3085695 0.1129286 0.9444745
v 0.0314980 -0.0010116 0.0436989
vn 0.5062945 0.2017563 0.8384272
v -0.0228881 0.0700134 -0.0042805
vn 0.6443936 -0.0126206 0.7645899
v -0.0039483 0.0839549 -0.0219022
vn 0.6399769 0.3640322 0.6766906
v -0.0389212 0.0458988 0.0263408
vn 0.5281059 0.3200337 0.7865639
v -0.0100033 0.0778032 -0.0162501
vn 0.8157077 0.1026853 0.5692773
v 0.0604632 0.0022528 0.0245040
vn 0.5741044 0.3596777 0.7355516
v 0.0091389 0.0875017 -0.0319312
vn 0.5116984 -0.4651015 0.7223887
v -0.0102776 0.0678343 -0.0106293
vn 0.6970164 -0.0088055 0.7170012
v -0.0354817 0.0553928 0.0214230
vn 0.9829919 0.0554462 0.1750793
v 0.0688349 -0.0049337 0.0067691
vn 0.5947313 0.0688907 0.8009675
v 0.0493025 -0.0015393 0.0346399
vn 0.8084600 0.3450791 0.4767735
v -0.0262954 0.0438827 0.0164183
vn 0.6884590 0.2467788 0.6820003
v -0.0379726 0.0393581 0.0298149
vn 0.4750160 0.2532271 0.8427549
v -0.0466255 0.0372365 0.0404984
vn -0.9497877 0.1044925 -0.2949316
v -0.0646924 0.0105430 -0.0065442
vn 0.9840646 0.1765832 0.0208642
v -0.0389818 0.0753799 -0.0493415
vn 0.5892929 -0.7666997 -0.2547657
v 0.0401895 -0.0523313 -0.0269343
vn -0.4060328 0.2126444 -0.8887743
v -0.0449959 0.0113283 -0.0277967
vn 0.6722186 -0.6346027 0.3813156
v 0.0451790 -0.0493573 0.0258369
vn 0.4092483 -0.8806772 -0.2385867
v 0.0628148 -0.0483800 -0.0079357
vn 0.4070082 -0.8365723 -0.3667302
v 0.0449247 -0.0514964 -0.0143238
vn 0.4000957 -0.7739199 -0.4908884
v 0.0630002 -0.0467156 -0.0118840
vn 0.5258970 -0.6339518 -0.5670428
v 0.0474439 -0.0472189 -0.0174493
vn 0.7553084 -0.5913550 -0.2825040
v 0.0439915 -0.0483767 -0.0219636
vn 0.7240789 -0.4529532 0.5201377
v 0.0478692 -0.0456885 0.0259040
vn -0.9926284 -0.0225214 0.1190868
v -0.0707777 0.0362621 0.0124670
vn 0.6841075 0.0990857 -0.7226195
v 0.0596188 -0.0006755 -0.0282005
vn 0.8202149 -0.0908404 -0.5647970
v 0.0619373 -0.0050160 -0.0251614
vn 0.7437691 -0.5305774 -0.4065651
v 0.0415311 -0.0489934 -0.0296801
vn 0.9472109 0.2755822 0.1638475
v -0.0394215 0.0669454 -0.0259876
vn 0.5377731 -0.7597191 -0.3655505
v 0.0696497 -0.0435397 -0.0099181
vn 0.6868113 -0.6324313 -0.3582191
v 0.0458947 -0.0453449 -0.0223042
vn 0.5723895 -0.3965778 -0.7177021
v 0.0423159 -0.0431562 -0.0338377
vn 0.5803595 -0.8132551 -0.0424156
v 0.0087110 0.0739468 -0.0247986
vn 0.9474226 0.2211653 0.2312497
v -0.0294184 0.0614244 0.0077838
vn 0.8720166 0.4378919 -0.2187186
v -0.0246668 0.0465409 -0.0058749
vn 0.7406343 -0.6330078 0.2253044
v 0.0780935 -0.0386499 0.0068273
vn 0.7864074 -0.6160216 -0.0456158
v 0.0789950 -0.0381838 0.0004599
vn 0.6473730 -0.5910491 -0.4812164
v 0.0751564 -0.0383392 -0.0110112
vn 0.7107899 -0.5924649 -0.3791609
v 0.0450746 -0.0433945 -0.0291862
vn 0.8182697 -0.3989400 -0.4138617
v 0.0138968 0.0829624 -0.0372184
vn 0.6475641 -0.7397079 -0.1830109
v 0.0756611 -0.0406665 -0.0048480
vn 0.6681948 -0.6683176 -0.3269057
v 0.0497531 -0.0419285 -0.0229359
vn 0.6351775 -0.5971618 -0.4898442
v 0.0490397 -0.0397438 -0.0296373
vn 0.8134125 -0.5114076 -0.2771688
v 0.0796475 -0.0360156 -0.0060537
vn 0.4929038 0.2116470 -0.8439499
v 0.0522792 0.0022429 -0.0326104
vn 0.8996078 -0.4359150 0.0261518
v 0.0815588 -0.0340787 0.0023995
vn 0.7853091 -0.4444764 -0.4309647
v 0.0520165 -0.0376787 -0.0272226
vn -0.0593744 0.7336279 -0.6769527
v 0.0036344 0.0309624 -0.0248349
vn -0.7100959 -0.3922208 -0.5847450
v -0.0454293 -0.0528361 -0.0171304
vn 0.5923284 -0.6610614 0.4605921
v -0.0161414 0.0624899 -0.0098567
vn 0.9814137 -0.1894212 -0.0307681
v -0.0392035 0.0637306 -0.0302929
vn 0.8625036 -0.3696298 0.3456318
v 0.0806754 -0.0336816 0.0090049
vn 0.7754534 -0.5139149 -0.3668290
v 0.0546557 -0.0362124 -0.0221280
vn -0.0227284 0.5682201 -0.8225626
v -0.0320696 0.0361758 -0.0196590
vn 0.8144043 -0.3012267 -0.4959920
v 0.0791553 -0.0328897 -0.0097384
vn -0.1190313 0.7904843 -0.6008046
v 0.0077105 0.0335134 -0.0219383
vn 0.9129820 -0.3474529 -0.2138700
v 0.0820556 -0.0310935 -0.0041699
vn 0.7572904 -0.2667189 -0.5961311
v 0.0507141 -0.0327300 -0.0317907
vn -0.0413238 0.6465158 -0.7617806
v 0.0256008 0.0294941 -0.0290282
vn 0.9579921 -0.2277309 0.1743269
v 0.0825747 -0.0306151 0.0054286
vn 0.7088357 -0.1348715 -0.6923595
v 0.0777607 -0.0301537 -0.0131277
vn -0.0698232 0.7314848 -0.6782733
v -0.0257722 0.0366466 -0.0210068
vn 0.7742198 -0.3794625 -0.5065491
v 0.0537654 -0.0325514 -0.0275227
vn -0.2811125 -0.8728620 0.3988582
v -0.0374271 -0.0256242 0.0133308
vn 0.9524332 -0.2872106 -0.1018876
v -0.0397620 0.0729555 -0.0578699
vn 0.9748079 -0.1334877 -0.1786914
v -0.0393464 0.0597537 -0.0209879
vn 0.9842638 -0.1614470 -0.0718304
v 0.0838335 -0.0273050 -0.0008780
vn 0.7385371 -0.2776610 -0.6143837
v 0.0547196 -0.0285696 -0.0286029
vn 0.9980002 0.0577583 0.0256841
v -0.0392131 0.0767374 -0.0564664
vn 0.9235072 -0.0998717 -0.3703513
v 0.0826146 -0.0266478 -0.0062508
vn 0.8458380 0.0642091 -0.5295615
v 0.0808340 -0.0250272 -0.0093161
vn 0.7732064 -0.4223270 -0.4730664
v 0.0590208 -0.0303859 -0.0216525
vn 0.7587678 -0.3270098 -0.5633258
v 0.0578856 -0.0289569 -0.0247207
vn 0.6962973 -0.2132551 -0.6853410
v 0.0488294 -0.0301860 -0.0348036
vn -0.7989233 -0.5894861 -0.1192805
v -0.0679385 0.0281913 0.0206194
vn 0.9812051 -0.1918532 0.0207102
v -0.0386328 0.0786629 -0.0676241
vn 0.9860381 0.1601058 0.0457703
v -0.0385360 0.0720541 -0.0410866
vn 0.9179353 0.2897811 0.2709646
v -0.0289243 0.0540543 0.0087319
vn 0.9992206 -0.0228679 0.0321754
v -0.0385189 0.0686747 -0.0368503
vn 0.9893025 0.0499769 0.1370512
v 0.0836704 -0.0238251 0.0039272
vn 0.8198404 -0.1773614 -0.5444306
v 0.0612196 -0.0222992 -0.0233207
vn 0.6993595 -0.1027272 -0.7073497
v 0.0522664 -0.0258027 -0.0323865
vn 0.6104451 -0.0814224 -0.7878624
v 0.0469104 -0.0289500 -0.0370487
vn 0.7347753 0.5960881 0.3237040
v -0.0417769 0.0860527 -0.0609750
vn -0.7021566 -0.6915300 0.1695946
v -0.0530588 -0.0197141 0.0049689
vn 0.9621109 0.1757974 -0.2084175
v 0.0834011 -0.0224834 -0.0028555
vn 0.7247505 -0.1473733 -0.6730660
v 0.0576856 -0.0237379 -0.0270796
vn 0.6741230 -0.0604479 -0.7361414
v 0.0523732 -0.0216916 -0.0321250
vn 0.9212553 0.3867144 0.0417208
v 0.0655998 0.0140650 -0.0010866
vn 0.8318748 0.2512572 -0.4948274
v -0.0275296 0.0492532 -0.0107200
vn 0.8931580 0.4343487 0.1166622
v 0.0827512 -0.0186038 0.0034511
vn 0.7196993 0.5108760 -0.4701476
v 0.0811798 -0.0186039 -0.0058949
vn -0.8605205 -0.4973815 -0.1100739
v -0.0520481 0.0623908 -0.0361801
vn -0.9839636 -0.1753326 0.0327732
v -0.0698386 0.0319115 0.0241378
vn -0.6813523 0.2597898 -0.6843014
v -0.0273504 0.0743061 -0.0163625
vn -0.9018825 0.0763300 -0.4251844
v -0.0670821 0.0382137 -0.0066116
vn 0.2711422 -0.7654254 -0.5836145
v 0.0129969 0.0802393 -0.0349049
vn -0.5297171 0.8443037 -0.0809396
v -0.0647662 0.0646399 0.0030515
vn -0.9118738 -0.3432862 0.2250350
v -0.0638673 0.0221015 0.0066642
vn -0.9524438 0.2355029 0.1933630
v -0.0645398 0.0164195 0.0061910
vn 0.7288492 -0.0898347 -0.6787552
v 0.0577851 -0.0165401 -0.0278093
vn 0.6705854 -0.1401584 -0.7284716
v 0.0503668 -0.0187338 -0.0346315
vn 0.6856030 -0.5984353 0.4145165
v 0.0058394 0.0723682 -0.0205921
vn 0.5100529 -0.8164181 0.2707537
v -0.0095064 0.0654746 -0.0140124
vn -0.9457878 -0.3234012 0.0299531
v -0.0280527 -0.0323378 0.0057122
vn 0.5912837 -0.7726845 -0.2309598
v 0.0117069 0.0771507 -0.0303965
vn 0.9789329 0.2013622 -0.0338185
v 0.0683552 0.0056862 -0.0037309
vn -0.7212086 -0.4644742 -0.5139280
v -0.0644547 0.0268762 -0.0079180
vn -0.7963313 -0.5828330 -0.1617476
v -0.0508910 0.0594131 -0.0276677
vn 0.9639890 0.0292684 -0.2643265
v 0.0684781 -0.0103856 -0.0102343
vn 0.2764959 0.8191694 -0.5025052
v -0.0140480 0.0365394 -0.0192240
vn 0.8623129 0.3234195 0.3896362
v -0.0285611 0.0624350 0.0034752
vn -0.9499567 0.2818228 0.1347525
v -0.0696587 0.0415197 0.0141546
vn 0.8054920 -0.0852182 -0.5864473
v 0.0617352 -0.0138750 -0.0231317
vn -0.7780139 0.2276516 -0.5855503
v -0.0588683 0.0196857 -0.0139532
vn -0.9970824 -0.0150393 -0.0748373
v -0.0638403 0.0194524 0.0008702
vn -0.9740882 -0.2172794 0.0627844
v -0.0696381 0.0337176 0.0164935
vn 0.9463259 0.1160785 0.3016506
v -0.0284237 0.0575382 0.0037301
vn 0.8962362 -0.0914149 -0.4340554
v 0.0652253 -0.0161200 -0.0176250
vn 0.8778992 -0.0561544 0.4755416
v 0.0113960 0.0771160 -0.0265437
vn 0.8326050 0.3656963 -0.4159750
v 0.0621401 0.0149086 -0.0162755
vn 0.9122998 0.3631631 -0.1892664
v 0.0657575 0.0130725 -0.0080750
vn 0.7228292 -0.1399235 -0.6767123
v 0.0573936 -0.0092629 -0.0290071
vn -0.8899605 -0.2317260 -0.3927766
v -0.0630838 0.0231936 -0.0053379
vn -0.7493380 -0.1200364 -0.6512172
v -0.0435768 0.0852177 -0.0707536
vn -0.9885757 -0.0241481 -0.1487785
v -0.0536212 0.0638900 -0.0194771
vn 0.8814729 -0.0868208 -0.4641851
v 0.0642302 -0.0072706 -0.0203460
vn 0.6879776 -0.1241976 -0.7150257
v 0.0593821 -0.0055326 -0.0284326
vn -0.9997865 -0.0157783 0.0133452
v -0.0664035 0.0063140 0.0042186
vn 0.7670528 -0.6018910 -0.2221652
v -0.0262559 0.0557743 -0.0082376
vn -0.7167975 0.5375741 -0.4440895
v -0.0245591 0.0794180 -0.0165601
vn 0.9889211 -0.1202370 -0.0870524
v -0.0389580 0.0732075 -0.0504084
vn -0.0813171 -0.5087299 0.8570772
v -0.0297240 -0.0151699 0.0284922
vn 0.5432618 -0.8319216 0.1130183
v -0.0219946 0.0587373 -0.0080809
vn 0.8789591 0.4669163 0.0970581
v -0.0395749 0.0900960 -0.0712532
vn -0.0363331 0.9988965 -0.0297586
v -0.0493583 0.0686526 0.0038179
vn 0.4471785 0.8866781 -0.1176154
v -0.0421642 0.0926455 -0.0702836
vn -0.5708488 0.6289806 -0.5277453
v -0.0492065 0.0933060 -0.0670706
vn -0.2676196 0.9521480 0.1476277
v 0.0098173 0.0415106 0.0057648
vn 0.8649515 0.4185350 0.2769250
v -0.0274069 0.0519949 0.0071409
vn -0.2695036 0.8717997 0.4090636
v -0.0566883 0.0643769 0.0205664
vn 0.0995888 0.9644153 0.2449191
v -0.0465166 0.0934907 -0.0668500
vn 0.4494987 0.7924093 0.4123573
v -0.0457626 0.0900680 -0.0615504
vn -0.6678246 0.7367606 -0.1058024
v -0.0524087 0.0917223 -0.0637820
vn 0.6472701 0.7224779 0.2430374
v -0.0307537 0.0659698 0.0035422
vn -0.3153170 0.9488875 -0.0137063
v -0.0595775 0.0667787 0.0046394
vn 0.5535194 0.4481785 -0.7019632
v 0.0120749 0.0937037 -0.0407199
vn -0.2084454 0.8391038 0.5024495
v 0.0124499 0.0110516 0.0378371
vn 0.4236481 0.7883364 0.4461481
v -0.0199165 0.0390161 0.0071682
vn -0.2427822 0.9694846 0.0340060
v 0.0036888 0.0401685 0.0012109
vn 0.3714405 0.9196805 0.1273571
v -0.0336082 0.0668950 0.0104092
vn -0.1592434 0.9244842 0.3463678
v -0.0495047 0.0692903 -0.0129805
vn 0.8420058 0.5221741 0.1355006
v 0.0113488 0.0945147 -0.0383877
vn -0.3872834 0.8703592 0.3041159
v -0.0525120 0.0911584 -0.0610020
vn -0.3109336 0.9313161 -0.1896594
v -0.0563498 0.0665433 -0.0048498
vn 0.4595169 0.8172272 0.3478273
v 0.0431352 0.0373254 0.0132647
vn -0.4459918 0.3051682 -0.8414058
v -0.0478766 0.0249115 -0.0211454
vn 0.4431324 0.8666739 -0.2291508
v 0.0081698 0.0984748 -0.0365560
vn 0.0536057 0.8944200 0.4440038
v -0.0501839 0.0893948 -0.0571268
vn -0.7335137 -0.6276996 0.2606742
v -0.0622336 0.0237389 0.0134311
vn -0.5515884 0.5921071 -0.5875027
v -0.0160922 -0.0444478 -0.0370481
vn 0.5524226 0.8313479 0.0607440
v -0.0199954 0.0420965 -0.0010202
vn -0.0056475 0.9996195 0.0270005
v -0.0052044 0.0381947 0.0011284
vn 0.2081051 0.8903828 0.4048588
v -0.0377059 0.0660940 0.0194297
vn -0.9788454 -0.1551976 -0.1333243
v -0.0527962 0.0651917 -0.0249285
vn 0.8949050 0.4190929 0.1533172
v -0.0404898 0.0797587 -0.0522231
vn 0.7929988 0.5680667 0.2201210
v -0.0317537 0.0654767 0.0122026
vn -0.0444861 0.6524879 0.7564923
v 0.0195114 0.0336829 0.0247161
vn -0.0717819 0.8284040 0.5555125
v 0.0194446 0.0381282 0.0197258
vn 0.7596982 0.5684084 -0.3158650
v 0.0573553 0.0242695 -0.0147302
vn -0.9036585 -0.4049458 -0.1393567
v -0.0539373 0.0689632 -0.0307265
vn -0.9698083 0.2282409 -0.0858950
v -0.0657417 0.0134455 0.0007404
vn -0.1622229 0.9473586 0.2760353
v -0.0532598 0.0668713 0.0160617
vn -0.8220417 0.1953115 -0.5348840
v -0.0603993 0.0109104 -0.0161515
vn -0.1001381 0.9891352 0.1076292
v -0.0495975 0.0685445 0.0098206
vn 0.5626673 0.7479941 0.3520090
v -0.0338341 0.0655162 0.0173156
vn 0.1493935 0.9839742 0.0973468
v -0.0361369 0.0680402 0.0050817
vn -0.8918881 0.0707412 0.4466894
v -0.0615432 0.0193383 0.0118004
vn -0.0428159 0.8911264 0.4517307
v -0.0054269 0.0343895 0.0121659
vn 0.0154017 0.8713981 0.4903348
v 0.0215460 0.0122479 0.0368506
vn 0.1701885 0.5580673 0.8121556
v -0.0125781 0.0858020 -0.0131601
vn -0.9806764 -0.1148325 0.1583900
v -0.0673089 0.0532864 0.0110185
vn -0.7860369 -0.6118950 0.0879238
v -0.0678521 0.0290634 0.0157519
vn -0.6391285 0.7612403 -0.1096724
v -0.0346041 0.0709257 -0.0076440
vn -0.0355286 0.8456398 0.5325702
v -0.0172556 0.0358813 0.0129690
vn -0.5424153 0.8256467 0.1552202
v -0.0651194 0.0641125 0.0094213
vn -0.4611558 0.8071446 0.3685823
v -0.0529644 0.0845756 -0.0486807
vn 0.7238412 0.6646688 -0.1851197
v 0.0820187 -0.0174594 -0.0015176
vn 0.0150922 0.8876474 0.4602763
v -0.0326280 0.0689437 -0.0014884
vn -0.8138961 0.0356050 -0.5799185
v -0.0601821 0.0054617 -0.0176504
vn -0.0782628 0.8381540 -0.5397897
v 0.0006131 0.0342461 -0.0201678
vn -0.8250048 0.0423435 -0.5635372
v -0.0631471 0.0587744 -0.0046198
vn 0.6997746 0.6736929 0.2375992
v -0.0432010 0.0675768 -0.0161223
vn 0.8532868 0.4996316 0.1492312
v -0.0401255 0.0764644 -0.0420662
vn 0.6727436 0.6984736 0.2440304
v -0.0431098 0.0812817 -0.0453542
vn 0.3734399 0.9011068 -0.2203389
v 0.0721859 -0.0144635 -0.0009038
vn 0.2444018 0.9692337 0.0292194
v -0.0115448 0.0397618 -0.0020699
vn 0.6809201 0.7043439 -0.2006182
v 0.0543844 0.0298492 -0.0100483
vn 0.5292732 0.8127843 -0.2434164
v 0.0454533 0.0368924 -0.0091561
vn -0.5818219 0.7020867 -0.4105575
v -0.0028032 0.0055365 -0.0416468
vn -0.0371353 0.8730030 0.4862990
v -0.0482228 0.0650054 0.0225492
vn -0.1609966 0.9211181 0.3544313
v 0.0010770 0.0977540 -0.0258579
vn 0.0356957 0.9236689 0.3815254
v -0.0494100 0.0851912 -0.0478823
vn 0.2580144 0.9590138 -0.1171369
v 0.0773524 -0.0144366 -0.0001031
vn -0.6863879 -0.4383700 -0.5802615
v -0.0490331 0.0860125 -0.0636492
vn -0.3316100 0.8782088 0.3446507
v 0.0051634 0.0387873 0.0108865
vn -0.3379012 0.9334555 0.1203481
v -0.0369515 0.0686511 -0.0042993
vn 0.8562856 0.5121524 -0.0668941
v 0.0617573 0.0213187 -0.0052358
vn 0.4711528 0.8241770 0.3142408
v -0.0458285 0.0841374 -0.0484734
vn 0.5391648 0.8345366 0.1133576
v 0.0805212 -0.0157677 0.0035803
vn -0.1360956 0.9901239 -0.0336538
v -0.0493023 0.0679256 -0.0062057
vn -0.1965086 -0.8437995 -0.4993864
v -0.0446265 0.0670128 -0.0628899
vn 0.3481303 0.6841189 0.6409264
v 0.0406632 0.0345576 0.0197345
vn 0.2378564 0.9196877 0.3124081
v 0.0743717 -0.0144701 0.0054439
vn 0.9307417 0.3614775 -0.0552622
v 0.0696738 -0.0109511 -0.0002713
vn -0.2903396 0.9431640 0.1616933
v -0.0587266 0.0666063 0.0107707
vn 0.1857232 0.9618613 -0.2008228
v 0.0330909 0.0426920 -0.0079679
vn -0.9754165 0.2157833 -0.0447246
v -0.0706900 0.0396639 0.0068334
vn 0.8219573 0.4978016 0.2767305
v -0.0213923 0.0411586 0.0066638
vn -0.8778856 -0.2365309 0.4163772
v -0.0626034 0.0001491 0.0142481
vn 0.6327434 0.7131668 0.3017100
v -0.0435221 0.0777054 -0.0338496
vn 0.8342675 0.3751158 0.4040865
v 0.0820727 -0.0193574 0.0077301
vn 0.6558984 0.7543451 -0.0275833
v 0.0519305 0.0333167 -0.0007367
vn -0.0426954 0.9527979 0.3005884
v 0.0235047 0.0426756 0.0106960
vn 0.3807308 0.7105474 0.5917487
v 0.0773971 -0.0177103 0.0112803
vn 0.5181447 0.7714963 0.3692147
v 0.0790777 -0.0162837 0.0080257
vn 0.9959783 0.0585267 0.0678377
v 0.0693952 -0.0099199 0.0043984
vn -0.1567010 0.9750784 0.1570570
v 0.0155278 0.0425097 0.0082321
vn -0.0655385 0.8148500 0.5759552
v -0.0026634 0.0945670 -0.0214378
vn -0.5954960 0.7651683 -0.2447489
v -0.0097855 0.0900871 -0.0230630
vn 0.8782539 0.4299143 0.2093889
v -0.0401068 0.0740631 -0.0344991
vn -0.6409115 0.6932569 0.3295867
v -0.0539524 0.0812313 -0.0427069
vn 0.0281246 0.7755911 0.6306087
v -0.0082509 0.0317784 0.0172696
vn 0.8348319 0.3288171 0.4415145
v 0.0692746 -0.0140325 0.0075298
vn -0.2119036 0.8490679 0.4839222
v 0.0121933 0.0382777 0.0173792
vn -0.5986707 0.7019836 -0.3857622
v -0.0626301 0.0643034 -0.0026430
vn 0.7889970 0.6142107 0.0151326
v 0.0584930 0.0260564 0.0001367
vn -0.9450278 0.1862491 -0.2687634
v -0.0636568 0.0163903 -0.0049392
vn -0.6605430 0.5149860 -0.5463263
v -0.0055822 0.0911241 -0.0272792
vn -0.6105212 0.5038060 0.6111001
v -0.0017097 0.0044590 0.0363214
vn 0.9001904 0.1833219 0.3950321
v -0.0316033 0.0618683 0.0152286
vn 0.2603054 0.7141189 0.6498271
v 0.0704133 -0.0161025 0.0081858
vn 0.1380884 0.9358982 0.3240775
v -0.0153975 0.0393172 0.0057307
vn -0.2111706 0.9216475 0.3255349
v 0.0129797 0.0408666 0.0127495
vn 0.7588515 0.6407900 0.1163298
v 0.0557390 0.0291035 0.0074401
vn -0.2197046 0.9398654 0.2615013
v -0.0000558 0.0380129 0.0070590
vn -0.5401699 0.8379452 -0.0778743
v -0.0115642 0.0894886 -0.0202606
vn 0.3132669 0.8864717 0.3406346
v -0.0468816 0.0812166 -0.0378202
vn -0.2270383 0.9006806 0.3704432
v -0.0505409 0.0819414 -0.0392587
vn -0.0568424 0.7989566 0.5986964
v 0.0725216 -0.0178441 0.0123611
vn 0.5070665 0.8587808 -0.0733425
v 0.0446178 0.0385044 -0.0025184
vn 0.3573904 0.9336963 -0.0219847
v 0.0377416 0.0418372 -0.0019313
vn -0.0270080 0.9706499 -0.2389758
v 0.0244491 0.0430315 -0.0088748
vn -0.0485315 0.3558315 -0.9332892
v -0.0264088 0.0203614 -0.0310299
vn -0.0825369 0.6389895 0.7647746
v 0.0137792 0.0135010 0.0330144
vn -0.9343853 -0.2573802 0.2463323
v -0.0493255 -0.0513950 -0.0054185
vn -0.7983303 -0.1005178 0.5937718
v -0.0468939 -0.0517592 -0.0010042
vn -0.9279812 -0.3465903 -0.1368431
v -0.0428741 -0.0512427 0.0161960
vn -0.9985688 -0.0283791 -0.0453324
v -0.0431918 -0.0495115 0.0209327
vn -0.7902171 -0.2011158 0.5788863
v -0.0409043 -0.0503103 0.0292525
vn -0.4351581 0.3991085 0.8070625
v -0.0352627 -0.0456972 0.0330147
vn -0.1035003 0.0836335 0.9911070
v -0.0322707 -0.0485217 0.0348097
vn -0.7532511 0.0194306 0.6574461
v -0.0428340 -0.0512031 0.0036312
vn -0.7586790 0.4703443 0.4507577
v -0.0396110 -0.0500110 0.0060844
vn -0.9443241 0.2486756 -0.2154357
v -0.0396157 -0.0513530 0.0094384
vn -0.8516923 0.1422502 -0.5043661
v -0.0415471 -0.0510251 0.0125347
vn -0.8792005 0.3570459 -0.3154755
v -0.0420424 -0.0485476 0.0159491
vn -0.9258277 0.3001356 0.2296993
v -0.0425940 -0.0478507 0.0245829
vn -0.6526368 -0.3313228 0.6813886
v -0.0539102 -0.0059437 0.0238507
vn -0.3450835 -0.5978456 0.7235317
v -0.0148158 -0.0510865 0.0319853
vn -0.6956332 -0.1435871 0.7039015
v -0.0098094 -0.0503163 0.0380623
vn -0.4270447 -0.1092074 0.8976116
v -0.0058818 -0.0493233 0.0413304
vn -0.0188459 0.6597403 -0.7512574
v -0.0066761 0.0283569 -0.0268447
vn -0.8927714 0.4494621 0.0307079
v -0.0487235 -0.0488930 -0.0071000
vn -0.5473188 -0.0534289 0.8352170
v -0.0379739 -0.0496749 0.0323903
vn -0.7058758 0.4333470 0.5603122
v -0.0629727 0.0503882 0.0316218
vn -0.0342910 0.2523101 0.9670387
v -0.0187637 -0.0481232 0.0311367
vn -0.6268334 0.0671580 0.7762536
v -0.0142470 -0.0488630 0.0326118
vn -0.2566327 -0.2251240 -0.9399249
v -0.0409737 0.0795709 -0.0721959
vn -0.8212870 0.3602569 0.4423828
v -0.0479420 -0.0491429 -0.0033089
vn -0.6306655 0.4667208 0.6200264
v -0.0437392 -0.0475702 0.0003182
vn -0.8150812 0.5671490 -0.1182570
v -0.0410637 -0.0442971 0.0201941
vn -0.8447404 0.0022523 0.5351716
v -0.0633836 0.0058113 0.0146073
vn -0.5799931 0.2895044 0.7614429
v -0.0079724 -0.0469029 0.0394034
vn -0.0168417 0.0409808 0.9990180
v -0.0020774 -0.0480907 0.0421130
vn -0.5656233 -0.2329544 0.7910769
v -0.0513612 -0.0033462 0.0268613
vn -0.5340332 0.5884599 0.6070613
v -0.0391795 -0.0474234 0.0042596
vn -0.5495756 0.4506558 0.7034742
v -0.0136192 -0.0446089 0.0317766
vn -0.7090090 0.3013596 0.6375647
v -0.0115222 -0.0466240 0.0358312
vn -0.3284365 0.1222229 -0.9365848
v -0.0439970 0.0047362 -0.0293768
vn -0.7470172 0.4089286 0.5241591
v -0.0394450 -0.0444160 0.0282527
vn -0.4980559 0.5363305 0.6813883
v -0.0060193 -0.0429201 0.0382016
vn -0.8805680 0.3290130 0.3411017
v -0.0654179 0.0508062 0.0272498
vn -0.7872576 0.6117269 0.0775611
v -0.0526503 0.0674774 -0.0143604
vn -0.6763675 0.6398126 0.3649204
v -0.0454106 -0.0448881 -0.0038508
vn -0.4573115 0.7257774 0.5139195
v -0.0364332 -0.0419024 0.0295601
vn -0.5922119 0.5934667 0.5450527
v -0.0101887 -0.0426130 0.0341750
vn -0.8006741 -0.3007292 0.5181535
v -0.0012706 -0.0147739 0.0359315
vn -0.2708118 0.6811361 0.6802313
v 0.0056835 0.0102814 0.0348326
vn -0.6272272 0.7768172 0.0560446
v -0.0448637 -0.0437166 -0.0067873
vn -0.4553229 0.7496687 0.4802894
v -0.0411020 -0.0439636 -0.0008464
vn -0.3841024 0.9122486 0.1423658
v -0.0349795 -0.0397401 0.0248118
vn -0.1108087 0.8948100 0.4324773
v -0.0328474 -0.0401950 0.0284032
vn -0.4464478 -0.1071302 0.8883735
v -0.0611496 0.0364050 0.0374057
vn -0.4209835 0.7709647 0.4778979
v -0.0358440 -0.0425270 0.0007310
vn -0.2836798 0.5409892 0.7917426
v -0.0115595 -0.0393042 0.0279983
vn -0.4295031 0.7242054 0.5394938
v -0.0051886 -0.0399613 0.0360072
vn -0.7003012 -0.5393755 0.4676028
v -0.0544513 -0.0115008 0.0188728
vn -0.6603893 0.7007738 0.2698183
v -0.0356883 -0.0398233 -0.0047269
vn -0.6561499 0.5521549 0.5143852
v -0.0324514 -0.0398237 -0.0006285
vn -0.8207034 -0.0634954 0.5678153
v -0.0026808 -0.0048673 0.0396821
vn -0.9433173 0.0286362 0.3306545
v -0.0694450 0.0337512 0.0293962
vn -0.7842391 0.5310402 0.3208823
v -0.0659606 0.0619123 0.0132901
vn -0.6901106 0.5566669 0.4624602
v -0.0631421 0.0574806 0.0243407
vn -0.5288881 -0.8246742 -0.2004739
v -0.0495951 0.0601659 -0.0360356
vn -0.3799557 -0.3554243 0.8539949
v -0.0443192 -0.0071998 0.0294492
vn -0.3999224 0.8020348 0.4436240
v -0.0066599 -0.0378607 0.0309890
vn -0.6852364 0.1838633 0.7047307
v -0.0629180 0.0427490 0.0360257
vn -0.4361010 0.7458200 0.5035558
v -0.0584498 0.0624319 0.0227364
vn -0.1217444 0.6391125 0.7594166
v -0.0080066 -0.0359733 0.0263821
vn -0.9576688 0.1913223 0.2150959
v -0.0664418 0.0552426 0.0190298
vn -0.9830894 0.1115132 0.1452583
v -0.0540097 0.0697561 -0.0247568
vn -0.3549088 0.7439057 0.5662544
v -0.0033891 -0.0356263 0.0280605
vn -0.3744878 -0.0701131 0.9245773
v -0.0572037 0.0400705 0.0406255
vn -0.9932205 -0.0696499 0.0930701
v -0.0667533 0.0530236 0.0159198
vn -0.7885448 -0.2348392 0.5683728
v -0.0562311 0.0193079 0.0198130
vn -0.4836586 0.7855756 0.3859344
v -0.0537904 0.0878772 -0.0556816
vn -0.8351727 0.0771045 0.5445563
v -0.0311216 -0.0348157 -0.0016395
vn -0.6752405 0.1642030 0.7190881
v -0.0036893 -0.0330656 0.0259441
vn -0.7330122 -0.0689825 0.6767086
v 0.0026759 -0.0318782 0.0347161
vn -0.3427761 0.2719769 0.8991846
v -0.0578609 0.0429710 0.0400951
vn -0.8292536 -0.3206721 0.4577204
v -0.0678956 0.0304426 0.0312577
vn -0.8425531 -0.5307191 0.0918777
v -0.0291338 -0.0307309 0.0110019
vn -0.4783575 0.6349137 0.6066785
v -0.0580630 0.0565674 0.0303827
vn -0.7103220 0.1211062 0.6933801
v -0.0562070 0.0078956 0.0229782
vn -0.3770976 -0.8672094 0.3251850
v -0.0330099 -0.0289955 0.0091113
vn -0.5606156 -0.7383864 0.3748276
v -0.0311715 -0.0278907 0.0126163
vn -0.9716797 -0.1791516 0.1540881
v -0.0288352 -0.0319845 0.0149893
vn -0.5873119 -0.5510148 0.5928301
v -0.0283203 -0.0253772 0.0199946
vn -0.5947470 0.1665621 0.7864687
v -0.0529724 0.0128091 0.0246471
vn -0.4246769 -0.0962406 0.9002151
v -0.0473640 -0.0004910 0.0298650
vn -0.7376456 -0.0798829 0.6704459
v -0.0570649 0.0024181 0.0225146
vn -0.3573313 0.8011483 0.4800790
v -0.0187955 0.0831987 -0.0122638
vn -0.3485076 0.5280067 0.7744362
v 0.0007963 0.0086178 0.0337688
vn -0.6567609 -0.2957705 0.6936750
v 0.0039267 -0.0223994 0.0388428
vn -0.7361999 0.0482335 0.6750431
v -0.0662734 0.0349049 0.0340604
vn -0.8020757 -0.1514151 0.5777094
v -0.0008222 -0.0264170 0.0304734
vn -0.5879681 -0.1944277 0.7851697
v -0.0642942 0.0320092 0.0355601
vn -0.5458000 0.0404636 0.8369380
v -0.0504838 0.0037312 0.0285482
vn -0.3729281 0.0991444 -0.9225481
v -0.0381045 0.0071602 -0.0308847
vn -0.4633758 -0.2779084 0.8414570
v -0.0225544 -0.0212099 0.0275196
vn -0.9715530 -0.1669078 -0.1680077
v -0.0512880 0.0626949 -0.0426867
vn -0.6539136 0.3442004 0.6737382
v 0.0001801 0.0008397 0.0413369
vn -0.4337185 0.6422481 0.6319855
v 0.0037143 0.0054422 0.0409538
vn -0.7814255 -0.3252358 0.5325372
v -0.0578849 -0.0058041 0.0197062
vn -0.3398364 -0.0965287 -0.9355177
v -0.0535067 0.0362338 -0.0193280
vn -0.6874413 0.2152071 0.6936213
v -0.0051457 0.0011587 0.0337922
vn -0.5987148 -0.3006247 0.7424052
v 0.0030010 -0.0171333 0.0404845
vn -0.4837725 0.4829243 0.7298961
v -0.0592465 0.0496678 0.0356717
vn -0.0666145 -0.0273455 -0.9974040
v -0.0275624 0.0039230 -0.0338988
vn -0.5885280 0.0540943 0.8066651
v 0.0002010 -0.0043874 0.0431673
vn -0.8311313 -0.2540165 0.4946679
v -0.0049572 -0.0088717 0.0336038
vn -0.7738835 0.2095592 0.5976532
v -0.0604695 0.0142176 0.0166299
vn -0.8846314 0.2572215 0.3889274
v -0.0672810 0.0411020 0.0299874
vn -0.9206737 0.1596920 0.3561719
v -0.0647651 0.0103090 0.0113459
vn -0.9400283 -0.0103298 -0.3409402
v -0.0235265 -0.0522860 -0.0299206
vn -0.6252918 0.0985699 -0.7741410
v -0.0614972 0.0399165 -0.0150088
vn -0.6342369 -0.0158647 -0.7729760
v -0.0184878 -0.0521947 -0.0397611
vn -0.7387137 0.4553857 -0.4969164
v -0.0377786 -0.0489331 0.0104699
vn -0.6954665 0.4209698 -0.5823322
v -0.0398180 -0.0480052 0.0130878
vn -0.9252247 -0.0709748 -0.3727223
v -0.0669403 0.0523432 0.0025869
vn -0.8609791 -0.4255415 -0.2786205
v -0.0687160 0.0281781 -0.0016130
vn -0.8170850 0.1472812 -0.5573872
v -0.0200852 -0.0514368 -0.0380395
vn -0.8952745 0.2372574 -0.3770844
v -0.0219784 -0.0493444 -0.0331813
vn -0.0312604 0.3930699 -0.9189770
v 0.0130698 0.0194443 -0.0343960
vn -0.7044551 0.4955127 -0.5081440
v -0.0368930 -0.0472815 0.0098349
vn -0.9369372 -0.1742609 -0.3029554
v -0.0483763 0.0730889 -0.0548910
vn -0.8946133 0.3062175 -0.3254195
v -0.0236290 -0.0487086 -0.0266416
vn -0.7851355 0.5263814 -0.3263204
v -0.0471275 -0.0472093 -0.0110700
vn -0.8661278 0.1083904 -0.4879284
v -0.0617123 0.0550646 -0.0071113
vn -0.6906427 0.7133871 0.1187082
v -0.0354799 -0.0471947 0.0073609
vn -0.7126114 0.5429812 -0.4442481
v -0.0406204 -0.0457886 0.0154250
vn 0.1424502 0.8099430 -0.5689467
v -0.0185212 0.0371464 -0.0206005
vn -0.6226957 0.6220238 -0.4746963
v -0.0436106 -0.0453930 -0.0138424
vn -0.9877857 0.0396290 -0.1506953
v -0.0508689 0.0664449 -0.0386112
vn -0.6216435 0.6911909 -0.3685304
v -0.0327753 -0.0442926 0.0092562
vn -0.5553638 0.6672878 -0.4962843
v -0.0366122 -0.0441424 0.0132090
vn -0.7668985 0.5319552 -0.3590129
v -0.0200576 -0.0441169 -0.0299622
vn 0.3375981 0.3662395 -0.8671195
v 0.0423809 0.0066789 -0.0355163
vn -0.8880650 0.1886397 -0.4192323
v -0.0611167 0.0169207 -0.0118480
vn -0.7235307 0.5086783 -0.4666367
v -0.0188717 -0.0466358 -0.0354741
vn -0.4081906 0.8977927 0.1653746
v -0.0401833 -0.0410755 -0.0063121
vn -0.6974405 0.6929611 0.1827065
v -0.0300284 -0.0425610 0.0057518
vn -0.5468575 0.7773408 -0.3109472
v -0.0381196 -0.0423844 0.0179319
vn -0.7118559 0.6831800 0.1628686
v -0.0400465 -0.0430347 0.0246442
vn -0.9745676 0.2025270 0.0959213
v -0.0693415 0.0376607 0.0259168
vn -0.6815465 0.3251024 -0.6555935
v -0.0324185 -0.0396348 -0.0167382
vn -0.5273960 0.8178952 -0.2300022
v -0.0326412 -0.0397932 0.0171068
vn -0.9707130 0.2205428 0.0952742
v -0.0668715 0.0460384 0.0253261
vn -0.5426006 0.7738907 -0.3266160
v -0.0176537 -0.0414429 -0.0303509
vn -0.6170881 0.7598566 -0.2044999
v -0.0361122 -0.0397481 -0.0093334
vn -0.7804306 0.5635858 -0.2707385
v -0.0296269 -0.0403852 0.0105721
vn -0.4865381 0.8679538 -0.0996844
v -0.0369407 -0.0407440 0.0216736
vn -0.7471366 0.5677211 -0.3456583
v -0.0310535 0.0736848 -0.0119789
vn -0.9727942 0.1971735 -0.1216311
v -0.0340488 -0.0352469 -0.0110166
vn -0.9434696 0.2270207 0.2415095
v -0.0276957 -0.0377700 0.0036167
vn -0.3957438 0.9042213 0.1605326
v -0.0305945 -0.0385348 0.0223950
vn -0.6534454 -0.6040539 -0.4562104
v -0.0522683 0.0815811 -0.0552475
vn -0.9418629 -0.2743321 -0.1940005
v -0.0532190 0.0610638 -0.0214685
vn 0.3544644 0.4402143 -0.8249645
v 0.0453313 0.0235942 -0.0260954
vn -0.7128234 0.5291446 -0.4603140
v -0.0067949 -0.0375408 -0.0325277
vn -0.3728845 0.8700879 -0.3223419
v -0.0122799 -0.0392606 -0.0296288
vn -0.9948691 0.0379646 -0.0937782
v -0.0281166 -0.0362603 0.0094557
vn -0.3365812 -0.7858291 -0.5188313
v -0.0475813 0.0646200 -0.0574145
vn 0.5200008 0.7329320 -0.4386457
v 0.0482711 0.0325082 -0.0153042
vn -0.6941326 0.5309211 -0.4861099
v -0.0087000 -0.0365584 -0.0252287
vn -0.8947408 0.4373922 0.0901498
v -0.0289415 -0.0361548 0.0176294
vn -0.6783985 -0.5426751 -0.4952569
v -0.0544707 0.0850069 -0.0579265
vn -0.8872064 -0.1441332 -0.4382813
v -0.0053091 -0.0337664 -0.0355173
vn -0.9198042 0.2061338 0.3338701
v -0.0336951 -0.0347343 -0.0065637
vn -0.8848507 -0.0530040 0.4628498
v -0.0286753 -0.0326129 0.0017078
vn -0.9143686 -0.3798678 -0.1401096
v -0.0552469 0.0749152 -0.0398176
vn -0.8671244 -0.4883088 0.0982337
v -0.0341399 -0.0305786 -0.0066860
vn -0.7974518 -0.4006481 0.4511671
v -0.0311679 -0.0314690 -0.0012594
vn -0.8149592 0.1099595 -0.5689908
v -0.0641367 0.0403526 -0.0117624
vn -0.9589136 -0.0730549 -0.2741308
v -0.0697794 0.0329802 -0.0009890
vn -0.9468446 -0.0038549 -0.3216684
v -0.0075772 -0.0343628 -0.0281340
vn -0.0819164 0.8779730 -0.4716494
v 0.0191844 0.0396599 -0.0171401
vn -0.9374244 0.2800376 -0.2069166
v -0.0667015 0.0482255 -0.0002469
vn -0.6182078 -0.5342672 -0.5765221
v -0.0450621 0.0687437 -0.0646192
vn -0.8014752 -0.5245644 -0.2871752
v -0.0524227 0.0709678 -0.0376984
vn -0.5457497 0.7929705 0.2708413
v -0.0307862 0.0742135 -0.0083940
vn -0.8545868 -0.2692938 -0.4440297
v -0.0325704 -0.0307904 -0.0152227
vn -0.5171167 -0.8305688 -0.2067508
v -0.0357771 -0.0279365 -0.0107942
vn -0.9718184 0.1751643 0.1577542
v -0.0547057 0.0744066 -0.0340032
vn -0.9582918 0.2351304 -0.1624519
v -0.0550964 0.0879452 -0.0598786
vn -0.9326500 -0.1680345 -0.3192621
v -0.0073528 -0.0309480 -0.0301185
vn -0.8455755 -0.4387141 -0.3041910
v -0.0555677 0.0804643 -0.0504766
vn -0.5973441 0.2046256 -0.7754408
v -0.0193635 0.0782378 -0.0221987
vn -0.7424832 0.3141785 -0.5916170
v -0.0596578 0.0614968 -0.0090105
vn -0.6648072 0.2553716 -0.7020090
v 0.0027272 0.0939750 -0.0343294
vn -0.8773720 -0.2609363 -0.4026546
v -0.0088928 -0.0272254 -0.0281128
vn -0.4892855 -0.0410879 -0.8711553
v -0.0542491 0.0278423 -0.0170192
vn -0.5144469 -0.7321007 -0.4465120
v -0.0472237 -0.0189589 -0.0166223
vn -0.6218429 0.7774732 -0.0940583
v -0.0193466 0.0844007 -0.0173595
vn -0.9839484 0.0331474 -0.1753475
v -0.0498189 0.0667687 -0.0466583
vn -0.8956497 -0.3529411 -0.2706368
v -0.0502085 0.0738233 -0.0482049
vn -0.7713284 -0.3440158 -0.5354490
v -0.0104859 -0.0226891 -0.0279973
vn -0.9819784 0.1726197 0.0769474
v -0.0689534 0.0388993 0.0211787
vn -0.9073558 -0.2494350 -0.3383602
v -0.0073042 -0.0242025 -0.0349434
vn 0.5940815 0.3061579 -0.7438646
v 0.0542580 0.0120156 -0.0271817
vn 0.7541597 0.2340108 -0.6135814
v 0.0596177 0.0106844 -0.0226243
vn 0.8640773 0.0859038 -0.4959749
v 0.0673671 -0.0165440 -0.0118444
vn -0.0417192 0.0629916 -0.9971417
v -0.0415591 0.0371077 -0.0208160
vn -0.6047589 0.7909202 -0.0933377
v -0.0021821 0.0955780 -0.0247793
vn -0.7967770 -0.2976952 -0.5258556
v -0.0045497 -0.0228261 -0.0421760
vn -0.6549408 -0.7077633 -0.2648086
v -0.0532997 -0.0170478 -0.0113006
vn -0.8882670 0.4556271 0.0581865
v -0.0681555 0.0612884 0.0070109
vn -0.9699169 -0.0369908 -0.2406093
v -0.0485514 0.0661934 -0.0552337
vn -0.9430500 0.3103133 0.1198429
v -0.0557637 0.0840460 -0.0526849
vn 0.1763208 0.2443196 -0.9535297
v 0.0288395 0.0197644 -0.0325337
vn 0.0097173 0.4689766 -0.8831571
v 0.0071959 0.0206365 -0.0331027
vn -0.5029665 -0.7563656 -0.4182533
v -0.0509837 -0.0164801 -0.0172695
vn -0.7973207 -0.6030514 -0.0246745
v -0.0588111 -0.0136512 -0.0037024
vn -0.7740622 -0.6137598 0.1553277
v -0.0581677 -0.0138265 0.0041207
vn -0.9442409 0.2046604 -0.2579212
v -0.0681841 0.0437358 -0.0021992
vn -0.9548846 0.2445427 0.1685061
v -0.0552604 0.0794780 -0.0432268
vn 0.2484529 0.4843490 -0.8388547
v 0.0423718 0.0157667 -0.0319661
vn -0.5431411 -0.6141255 -0.5725799
v -0.0508181 -0.0149482 -0.0194640
vn -0.6813921 -0.6268127 -0.3779030
v -0.0552709 -0.0144706 -0.0147830
vn -0.7273906 -0.6646752 -0.1706160
v -0.0569216 -0.0154647 -0.0060633
vn -0.8199347 0.2034620 -0.5350798
v -0.0648108 0.0617083 -0.0023391
vn -0.9810829 0.1626870 -0.1049248
v -0.0521791 0.0637660 -0.0359575
vn -0.6230344 -0.6785102 -0.3891684
v -0.0528905 0.0759974 -0.0464104
vn -0.9348004 -0.1274921 -0.3315027
v -0.0463079 0.0714218 -0.0627988
vn 0.0355869 0.4234414 -0.9052243
v -0.0247072 0.0263724 -0.0284904
vn -0.9147431 0.4018466 0.0420066
v -0.0692954 0.0441878 0.0090424
vn -0.8967596 0.4243654 0.1254446
v -0.0682492 0.0447624 0.0144463
vn 0.4604793 0.2805888 -0.8421572
v 0.0396133 0.0008833 -0.0401430
vn -0.7071310 -0.4309703 -0.5605626
v -0.0541534 -0.0115162 -0.0191520
vn -0.8413511 -0.4925703 -0.2224923
v -0.0606619 -0.0102290 -0.0075488
vn -0.9489290 0.0181700 -0.3149663
v -0.0677028 0.0592090 0.0025622
vn -0.9900843 0.0550681 0.1292306
v -0.0683530 0.0585619 0.0100874
vn -0.8762102 -0.2965213 -0.3799090
v -0.0077235 -0.0168226 -0.0400682
vn -0.8142875 -0.4619660 -0.3514587
v -0.0583413 -0.0110035 -0.0125424
vn -0.8481024 -0.5139353 0.1288136
v -0.0611293 -0.0098956 0.0025538
vn -0.9029530 -0.4295478 -0.0128358
v -0.0625198 -0.0080136 -0.0011784
vn -0.5246792 -0.8215123 -0.2232247
v -0.0489022 0.0572620 -0.0282770
vn -0.5804933 0.7303400 -0.3600430
v -0.0560162 0.0651309 -0.0100018
vn -0.9057381 -0.1533192 -0.3951350
v -0.0089749 -0.0114446 -0.0413033
vn -0.8931582 -0.2605605 -0.3665744
v -0.0104127 -0.0151331 -0.0341033
vn -0.8499811 -0.4284305 0.3065608
v -0.0612859 -0.0050529 0.0130195
vn -0.9733530 0.2174550 0.0727822
v -0.0666766 0.0465584 0.0197697
vn -0.7874525 -0.1854623 -0.5878114
v -0.0526862 0.0564312 -0.0179356
vn -0.2626190 -0.0478571 -0.9637121
v -0.0398790 0.0849010 -0.0734487
vn -0.7733451 -0.2939714 -0.5617101
v -0.0559933 -0.0060604 -0.0198861
vn -0.8675202 -0.3365940 -0.3662149
v -0.0611010 -0.0052295 -0.0116265
vn -0.8076233 0.2311767 -0.5424960
v -0.0560238 0.0601660 -0.0139068
vn -0.5904043 -0.0150518 -0.8069673
v -0.0045694 -0.0087245 -0.0481075
vn -0.7332311 -0.2716178 -0.6233747
v -0.0119039 -0.0080028 -0.0342324
vn -0.9482198 -0.2986195 -0.1081927
v -0.0638544 -0.0032238 -0.0040457
vn -0.9093029 -0.3900402 0.1450406
v -0.0638895 -0.0031688 0.0053430
vn -0.8332673 0.4845918 -0.2661513
v -0.0674483 0.0622804 0.0028975
vn -0.0932030 0.5467497 -0.8320926
v -0.0279327 0.0294676 -0.0267330
vn 0.5531323 0.6050091 -0.5727205
v 0.0518017 0.0260572 -0.0201563
vn 0.0529727 0.5240545 -0.8500357
v -0.0189203 0.0302643 -0.0262539
vn -0.6378624 -0.2167693 -0.7390146
v -0.0517933 -0.0037240 -0.0260967
vn -0.7372178 -0.0416218 -0.6743720
v -0.0562606 0.0015027 -0.0219119
vn -0.9075528 -0.3798387 -0.1790826
v -0.0555837 0.0780413 -0.0463321
vn -0.1468459 0.5352045 -0.8318608
v -0.0042473 0.0199421 -0.0330449
vn -0.9782540 -0.1148296 -0.1727232
v -0.0514689 0.0665505 -0.0324042
vn -0.6802709 0.6276436 -0.3785434
v 0.0015212 0.0973199 -0.0304453
vn -0.9501113 -0.1518718 -0.2724400
v -0.0645089 -0.0000123 -0.0081449
vn -0.8555267 -0.0447508 -0.5158212
v -0.0658451 0.0571343 -0.0005871
vn -0.7714736 0.3068918 -0.5573562
v -0.0605811 0.0505361 -0.0116177
vn -0.0874665 0.7018639 -0.7069206
v 0.0066043 0.0063666 -0.0459497
vn -0.8790002 0.1145283 -0.4628628
v -0.0090356 -0.0048487 -0.0414834
vn -0.7992309 0.1128709 -0.5903305
v -0.0073435 -0.0064508 -0.0449802
vn -0.5271184 -0.0078925 -0.8497552
v -0.0504709 -0.0004174 -0.0272290
vn -0.9334880 0.0076015 -0.3585281
v -0.0632158 0.0049611 -0.0106020
vn -0.7914308 0.1688140 -0.5874856
v -0.0589596 0.0559414 -0.0114411
vn -0.2621722 0.2239962 -0.9386648
v -0.0091611 0.0081144 -0.0356232
vn -0.6002803 0.4338412 -0.6718969
v -0.0036367 0.0003577 -0.0467130
vn -0.8203168 -0.5683502 -0.0637061
v -0.0666163 0.0246975 0.0012654
vn -0.8639930 -0.1443176 -0.4823779
v -0.0609081 -0.0000672 -0.0154389
vn -0.9729804 -0.2240876 -0.0556230
v -0.0657887 0.0008004 0.0022412
vn -0.9650209 -0.1503847 0.2147536
v -0.0662861 0.0036423 0.0071079
vn -0.3907000 0.4337141 -0.8119394
v -0.0403720 0.0249852 -0.0252681
vn -0.9922302 -0.0762307 -0.0983264
v -0.0528049 0.0631155 -0.0275668
vn -0.7712743 0.4432712 -0.4567787
v -0.0065961 0.0005783 -0.0422632
vn -0.9816830 -0.0579071 -0.1815082
v -0.0649391 0.0048197 -0.0052625
vn -0.5923682 -0.6859139 -0.4226371
v -0.0500564 0.0563729 -0.0215060
vn -0.9149174 0.0871847 -0.3941130
v -0.0623614 0.0076861 -0.0129339
vn -0.0933822 0.4086542 -0.9078996
v -0.0112397 0.0193453 -0.0319179
vn -0.1337345 0.3871017 -0.9122869
v -0.0288298 0.0230519 -0.0301234
vn 0.1808648 0.5097882 -0.8410731
v 0.0743247 -0.0237711 -0.0139603
vn -0.3093347 0.9411834 -0.1359628
v 0.0047734 0.0994995 -0.0324523
vn -0.4581379 0.7039555 -0.5427305
v -0.0377198 -0.0440338 -0.0172618
vn 0.3593840 0.5651503 -0.7425956
v 0.0390510 0.0297815 -0.0256701
vn 0.6862881 0.6109349 -0.3946737
v 0.0704029 -0.0147123 -0.0051593
vn 0.0014932 0.4169005 -0.9089509
v 0.0075145 0.0023032 -0.0492555
vn 0.3167826 0.6806113 -0.6606187
v 0.0774450 -0.0183387 -0.0089160
vn -0.5009300 0.6183772 -0.6055401
v 0.0063301 0.0976751 -0.0363406
vn -0.0159467 0.9978203 -0.0640349
v -0.0420852 0.0681962 -0.0015296
vn -0.6088083 0.3990432 -0.6856508
v -0.0125729 0.0850050 -0.0250325
vn -0.2569883 0.4590105 -0.8504507
v 0.0094784 0.0953970 -0.0397224
vn -0.0026158 0.8485848 -0.5290530
v 0.0145618 0.0093656 -0.0425583
vn -0.1082585 0.9360793 -0.3347172
v -0.0398811 0.0673966 -0.0075894
vn 0.1877027 0.7204940 -0.6675748
v 0.0332243 0.0335158 -0.0247776
vn -0.6315607 0.5332271 -0.5628498
v -0.0358435 0.0687216 -0.0096586
vn -0.0692510 0.6701152 -0.7390196
v 0.0195937 0.0303255 -0.0270289
vn -0.1406153 0.6539568 -0.7433491
v 0.0038630 0.0108522 -0.0365472
vn -0.5827157 0.2035719 -0.7867662
v -0.0322659 0.0680708 -0.0136277
vn 0.0824447 0.2856832 -0.9547712
v 0.0198563 0.0189724 -0.0343045
vn 0.1793258 0.4563543 -0.8715406
v 0.0296931 0.0275891 -0.0301518
vn -0.0824303 0.6799026 -0.7286547
v 0.0101320 0.0117663 -0.0369827
vn 0.0475355 0.7903571 -0.6107996
v 0.0172010 0.0118237 -0.0374475
vn 0.2039514 0.6602259 -0.7228456
v 0.0240413 0.0072225 -0.0438922
vn 0.1344931 0.3986532 -0.9071864
v 0.0390009 0.0126138 -0.0344544
vn 0.2867620 0.3919110 -0.8741701
v -0.0369437 0.0615364 -0.0134890
vn 0.1161623 0.4939462 -0.8616980
v 0.0686999 -0.0230843 -0.0132592
vn 0.1310008 0.7503281 -0.6479557
v 0.0256650 0.0115835 -0.0358667
vn -0.0513273 0.5921401 -0.8041987
v 0.0044478 0.0250167 -0.0308482
vn 0.6253661 0.2995440 -0.7205489
v 0.0790661 -0.0229598 -0.0109427
vn 0.3980116 0.4653780 -0.7905759
v 0.0333520 0.0044673 -0.0419713
vn -0.0230106 0.4222393 -0.9061923
v 0.0010698 0.0187852 -0.0343986
vn 0.1376542 0.3500729 -0.9265530
v 0.0252996 0.0139931 -0.0343672
vn -0.3437864 0.7257535 -0.5958965
v -0.0000964 0.0049924 -0.0455261
vn 0.7306688 0.6661469 -0.1495710
v -0.0398192 0.0634954 -0.0144659
vn 0.1724533 0.5862893 -0.7915331
v 0.0329017 0.0117441 -0.0346942
vn 0.3274745 0.4238732 -0.8444477
v 0.0377763 0.0260790 -0.0282343
vn 0.0012954 0.9365750 -0.3504650
v -0.0042350 0.0359393 -0.0153149
vn 0.4654177 0.5779506 -0.6703427
v 0.0482234 0.0266384 -0.0225431
vn 0.5715620 0.3456904 -0.7441875
v 0.0531201 0.0078710 -0.0299434
vn -0.5640079 0.5784496 -0.5893142
v -0.0048255 0.0050173 -0.0390804
vn -0.3294697 0.8172180 -0.4728684
v 0.0006100 0.0077661 -0.0403513
vn 0.6397498 0.3253391 -0.6963295
v 0.0579829 0.0031853 -0.0284763
vn 0.5834352 0.0200899 -0.8119112
v 0.0558163 -0.0041453 -0.0310351
vn 0.0907945 0.6499312 -0.7545501
v -0.0123182 0.0287660 -0.0265701
vn -0.1817462 0.4081448 -0.8946430
v -0.0112469 -0.0457627 -0.0411165
vn 0.6374877 0.6479612 -0.4168401
v 0.0537091 0.0279342 -0.0157512
vn 0.8222060 -0.0650389 -0.5654622
v -0.0380876 0.0843585 -0.0731574
vn 0.2825194 -0.5644630 -0.7756058
v 0.0334534 -0.0517009 -0.0342264
vn 0.6349093 -0.0509874 -0.7709025
v 0.0478025 -0.0245249 -0.0358855
vn 0.0793304 0.6074727 -0.7903694
v 0.0160828 0.0063892 -0.0460327
vn 0.1069756 0.4335026 -0.8947803
v 0.0129633 0.0017634 -0.0488166
vn 0.4102955 0.7612025 -0.5022234
v 0.0417090 0.0345877 -0.0183837
vn -0.4980322 0.8217233 -0.2770106
v -0.0423594 -0.0426366 -0.0102965
vn 0.0557936 0.6294631 -0.7750247
v -0.0202607 0.0338952 -0.0240299
vn 0.2563017 0.8864661 -0.3853405
v 0.0766662 -0.0158506 -0.0051531
vn -0.0100976 0.7572418 -0.6530566
v 0.0218482 0.0359297 -0.0218303
vn 0.4986539 0.1286072 -0.8572074
v -0.0368438 0.0533788 -0.0169964
vn 0.3938820 -0.1316137 -0.9096894
v -0.0312318 0.0559813 -0.0133610
vn 0.4959715 0.1821729 -0.8490143
v 0.0476430 -0.0013048 -0.0358959
vn 0.2322168 0.3261205 -0.9163628
v 0.0211134 0.0026101 -0.0471220
vn 0.4606646 0.4242125 -0.7796358
v 0.0491898 0.0153657 -0.0291056
vn -0.1295503 0.7567718 -0.6407130
v 0.0148317 0.0359882 -0.0216299
vn 0.5394857 0.4710181 -0.6979234
v 0.0544707 0.0196123 -0.0232388
vn 0.1132809 0.3454211 -0.9315856
v 0.0649096 -0.0285775 -0.0164634
vn 0.6864173 0.3525389 -0.6360406
v 0.0573532 0.0154682 -0.0235899
vn -0.0723798 0.6396281 -0.7652693
v 0.0104461 0.0278041 -0.0286062
vn -0.0268034 0.3116064 -0.9498332
v 0.0037913 0.0151293 -0.0355022
vn 0.0074874 0.7764888 -0.6300865
v 0.0285315 0.0350922 -0.0231691
vn -0.1862752 0.8659697 -0.4641101
v 0.0059692 0.0087309 -0.0415852
vn -0.2896867 0.1879647 -0.9384834
v -0.0134237 -0.0513513 -0.0422191
vn 0.2875259 0.3054114 -0.9077736
v 0.0366804 0.0229000 -0.0300813
vn -0.1132522 0.6173694 -0.7784787
v -0.0016343 0.0257867 -0.0290573
vn -0.1303849 0.3421284 -0.9305632
v -0.0384321 0.0317730 -0.0218531
vn 0.6044540 0.3407049 -0.7201080
v -0.0287595 0.0449621 -0.0150466
vn 0.5649958 0.7315317 -0.3816298
v -0.0235816 0.0427012 -0.0097792
vn 0.1366031 0.8652579 -0.4823571
v 0.0231339 0.0102837 -0.0395534
vn 0.2583171 0.9038933 -0.3409534
v -0.0111835 0.0369243 -0.0161886
vn 0.0988065 -0.4647827 -0.8798945
v -0.0075952 -0.0534529 -0.0417523
vn 0.3438512 0.6002626 -0.7221159
v -0.0276580 0.0409766 -0.0157579
vn 0.0729639 0.8806548 -0.4681062
v 0.0290363 0.0408941 -0.0147938
vn 0.3909671 0.8838249 -0.2569013
v 0.0389365 0.0405685 -0.0090589
vn 0.2066031 0.6652945 -0.7174249
v -0.0137557 0.0327127 -0.0233239
vn 0.3981144 0.3372763 -0.8530825
v 0.0479137 0.0098996 -0.0325401
vn 0.1499123 0.4012805 -0.9036041
v 0.0369027 0.0175429 -0.0313818
vn 0.6930723 0.0328683 -0.7201183
v 0.0646330 -0.0241025 -0.0152602
vn 0.2623702 0.7224470 -0.6397128
v 0.0300380 0.0080165 -0.0405687
vn -0.2384275 0.0336091 -0.9705786
v -0.0298283 -0.0525090 -0.0242242
vn 0.2754920 0.6323727 -0.7240227
v 0.0705770 -0.0181986 -0.0094287
vn 0.2353059 0.8479800 -0.4749327
v 0.0345647 0.0387139 -0.0166314
vn -0.0509861 0.5401408 -0.8400288
v 0.0154074 0.0250233 -0.0314850
vn 0.1267134 0.7984179 -0.5886192
v -0.0080688 0.0325864 -0.0216247
vn 0.1495574 0.8747945 -0.4608332
v -0.0240990 0.0405298 -0.0147849
vn -0.1946194 0.9000987 -0.3898019
v 0.0062930 0.0382213 -0.0139573
vn 0.0185900 0.4396764 -0.8979639
v 0.0117324 0.0135737 -0.0361099
vn 0.3447983 0.4892430 -0.8010964
v -0.0398554 0.0899123 -0.0728720
vn 0.3890179 0.5604264 -0.7311548
v 0.0372181 0.0054798 -0.0389721
vn 0.0937101 -0.9205630 -0.3791863
v 0.0270200 -0.0531113 -0.0339129
vn 0.4404163 -0.4693454 -0.7653421
v 0.0377502 -0.0497292 -0.0332269
vn 0.1468243 -0.5306931 -0.8347499
v 0.0269381 -0.0514238 -0.0358878
vn 0.2044404 -0.2049858 -0.9571755
v -0.0006386 -0.0500840 -0.0408702
vn -0.2321596 0.1021134 -0.9673029
v -0.0323458 0.0084317 -0.0335387
vn -0.3526681 -0.4782663 -0.8042926
v 0.0050443 0.0832549 -0.0340148
vn -0.3416181 -0.2860157 -0.8952609
v -0.0022260 0.0835977 -0.0311008
vn -0.3471772 0.1799617 -0.9203705
v -0.0361194 0.0122861 -0.0312556
vn 0.1044737 -0.5593314 -0.8223342
v 0.0172454 -0.0518854 -0.0366797
vn -0.1502631 -0.4430775 -0.8838006
v -0.0081242 0.0738059 -0.0260593
vn -0.5056819 0.2773160 -0.8169343
v -0.0254356 -0.0506575 -0.0245202
vn 0.0130554 0.4578394 -0.8889391
v 0.0226289 0.0241480 -0.0322163
vn -0.5587835 0.1023824 -0.8229696
v -0.0020855 0.0888370 -0.0314190
vn 0.2565360 -0.3801483 -0.8886375
v 0.0049259 -0.0518631 -0.0393166
vn 0.0548164 0.1939225 -0.9794841
v -0.0045337 -0.0463566 -0.0413637
vn -0.8448916 0.2494157 -0.4732336
v -0.0470650 -0.0502970 -0.0131598
vn 0.1296166 -0.3672824 -0.9210338
v 0.0323885 -0.0456999 -0.0359673
vn 0.1956122 -0.1588428 -0.9677318
v 0.0302324 -0.0488355 -0.0356126
vn 0.1360164 -0.1347807 -0.9814957
v 0.0175454 -0.0474715 -0.0376298
vn 0.1943626 -0.2091565 -0.9583719
v 0.0101115 -0.0482176 -0.0384884
vn -0.3548883 0.0482957 -0.9336604
v -0.0339994 -0.0515159 -0.0226092
vn 0.2061235 -0.5126898 -0.8334640
v 0.0544886 -0.0442879 -0.0169699
vn 0.1132502 -0.3922100 -0.9128777
v 0.0225728 -0.0447027 -0.0370699
vn 0.0244969 -0.1211858 -0.9923276
v 0.0054410 -0.0435065 -0.0397974
vn -0.3676705 0.4338883 -0.8225323
v -0.0364171 -0.0466384 -0.0199678
vn -0.6163291 0.4090391 -0.6729231
v -0.0447496 -0.0491652 -0.0169407
vn 0.2173024 -0.6822792 -0.6980508
v 0.0570005 -0.0466573 -0.0148440
vn -0.8548220 -0.4965480 0.1507299
v -0.0393172 -0.0526207 0.0085949
vn 0.2541720 -0.4067806 -0.8774543
v 0.0350004 -0.0420132 -0.0373612
vn 0.0705517 -0.4739850 -0.8777019
v 0.0124680 -0.0437003 -0.0386655
vn 0.2884682 -0.6166058 -0.7325186
v 0.0616887 -0.0447620 -0.0148929
vn 0.5219904 -0.4822097 -0.7035623
v 0.0535731 -0.0398144 -0.0190938
vn 0.0918903 -0.6776846 -0.7295888
v 0.0195185 -0.0420562 -0.0402174
vn -0.0187492 -0.6494471 -0.7601756
v 0.0138293 -0.0420189 -0.0407796
vn -0.5737675 0.4517287 -0.6831779
v -0.0224955 -0.0440219 -0.0238385
vn -0.3303172 0.3271409 -0.8853641
v -0.0280813 -0.0455324 -0.0222678
vn -0.1819313 0.4466610 -0.8760108
v -0.0022427 0.0102591 -0.0364463
vn 0.1534887 -0.5729250 -0.8051075
v 0.0264698 -0.0422691 -0.0383059
vn 0.1579031 -0.5156657 -0.8421137
v 0.0225753 -0.0405298 -0.0411300
vn -0.2420980 -0.5471441 -0.8012627
v 0.0110493 0.0834217 -0.0375175
vn -0.0467316 0.1106513 -0.9927601
v -0.0249064 0.0091369 -0.0339880
vn -0.1555543 0.2614276 -0.9526061
v -0.0291073 0.0144114 -0.0328771
vn 0.3806713 -0.4430027 -0.8116884
v 0.0395723 -0.0399537 -0.0360203
vn 0.2022016 -0.3730067 -0.9055278
v 0.0292942 -0.0367603 -0.0412881
vn -0.1861296 0.5333555 -0.8251592
v -0.0042535 -0.0411473 -0.0388948
vn -0.3668987 -0.1045843 -0.9243633
v -0.0494681 0.0519001 -0.0191862
vn -0.3660191 -0.1327711 -0.9210874
v -0.0087694 0.0802689 -0.0281310
vn -0.4997846 -0.2600952 -0.8261755
v 0.0055598 0.0873727 -0.0362338
vn 0.4170154 -0.6109149 -0.6729645
v 0.0669637 -0.0419709 -0.0144810
vn 0.5368377 -0.5064738 -0.6747516
v 0.0455051 -0.0388063 -0.0334976
vn 0.2697043 -0.3721774 -0.8881124
v 0.0366876 -0.0357519 -0.0398301
vn -0.5919148 -0.0805741 -0.8019630
v -0.0019195 -0.0380384 -0.0386892
vn -0.3376204 0.7780312 -0.5297925
v -0.0103036 -0.0411964 -0.0372574
vn -0.4084159 -0.7471803 -0.5243263
v -0.0368810 -0.0260246 -0.0151617
vn 0.1328926 -0.3334604 -0.9333508
v 0.0614472 -0.0392266 -0.0178915
vn 0.6706275 -0.3677785 -0.6442032
v 0.0479383 -0.0355908 -0.0340230
vn 0.1675781 -0.3215160 -0.9319577
v 0.0222825 -0.0358870 -0.0428210
vn 0.0433897 -0.4622442 -0.8856905
v 0.0140751 -0.0387714 -0.0427472
vn -0.0992692 -0.5109553 -0.8538561
v 0.0078381 -0.0392469 -0.0421893
vn 0.5819402 -0.4116333 -0.7013585
v 0.0731318 -0.0362595 -0.0148346
vn 0.2866302 -0.3538069 -0.8903167
v 0.0665255 -0.0376738 -0.0178671
vn 0.3183595 -0.4425959 -0.8383055
v 0.0404148 -0.0354960 -0.0388697
vn 0.1232956 -0.3263629 -0.9371689
v 0.0150134 -0.0337384 -0.0449915
vn -0.1636394 0.0179086 -0.9863577
v -0.0187305 -0.0368086 -0.0228569
vn 0.4010323 -0.1257018 -0.9073986
v 0.0716497 -0.0328578 -0.0169085
vn 0.0614427 0.0514475 -0.9967838
v 0.0633041 -0.0348795 -0.0187461
vn -0.5692462 -0.2546715 -0.7817296
v -0.0431121 0.0754620 -0.0700066
vn 0.5184793 -0.3857761 -0.7631226
v 0.0444114 -0.0349964 -0.0372558
vn -0.6570028 -0.2995871 -0.6918055
v -0.0015632 -0.0315224 -0.0413854
vn -0.3150196 0.5759902 -0.7543195
v -0.0139297 -0.0378802 -0.0237223
vn -0.6749398 -0.0710485 -0.7344443
v -0.0097671 -0.0326272 -0.0231888
vn -0.0357825 -0.1006776 -0.9942755
v -0.0140253 -0.0319820 -0.0228652
vn 0.1033509 0.3026790 -0.9474725
v 0.0701253 -0.0299071 -0.0172325
vn 0.1275511 -0.4479024 -0.8849373
v 0.0117117 -0.0518159 -0.0376134
vn 0.3548975 -0.1638027 -0.9204437
v 0.0420810 -0.0316861 -0.0396554
vn 0.2364452 -0.1550990 -0.9591861
v 0.0333564 -0.0306772 -0.0420054
vn 0.1825421 -0.2690706 -0.9456635
v 0.0214622 -0.0290979 -0.0451187
vn -0.3955644 -0.2106760 -0.8939488
v -0.0254487 -0.0320826 -0.0221343
vn -0.4278286 0.0540274 -0.9022437
v -0.0260737 -0.0373062 -0.0208080
vn -0.5355216 0.1429164 -0.8323410
v -0.0520764 0.0068046 -0.0257318
vn 0.3159018 -0.0650865 -0.9465569
v 0.0601763 -0.0327809 -0.0183381
vn 0.4340308 -0.0805951 -0.8972858
v 0.0432202 -0.0255565 -0.0392732
vn -0.0398179 -0.3570639 -0.9332309
v 0.0086249 -0.0305495 -0.0465359
vn -0.1561970 0.8054404 -0.5717239
v -0.0452873 0.0930782 -0.0700408
vn -0.0810807 -0.8948048 0.4390333
v -0.0525836 0.0228076 0.0320410
vn 0.4621647 0.1360485 -0.8762960
v 0.0748731 -0.0284463 -0.0156885
vn 0.2853772 -0.1150947 -0.9514794
v 0.0384182 -0.0273582 -0.0406217
vn 0.2328432 -0.2358605 -0.9434797
v 0.0267972 -0.0301764 -0.0435160
vn -0.3634464 -0.3739790 -0.8532564
v 0.0033016 -0.0327617 -0.0439794
vn 0.0982303 0.4425103 -0.8913672
v 0.0175701 0.0137618 -0.0354506
vn -0.4927047 -0.1726140 -0.8529047
v -0.0581185 0.0327384 -0.0165296
vn 0.2892483 -0.2028778 -0.9355085
v 0.0290715 -0.0261274 -0.0435322
vn 0.2554553 -0.1980757 -0.9463132
v 0.0239511 -0.0249649 -0.0458229
vn 0.1447278 -0.2579321 -0.9552617
v 0.0142789 -0.0285456 -0.0464317
vn -0.4439894 -0.3588195 -0.8210493
v -0.0110161 -0.0278967 -0.0241958
vn -0.0825151 -0.2724326 -0.9586301
v -0.0209489 -0.0305308 -0.0236352
vn -0.6467089 -0.1266390 -0.7521504
v -0.0291981 -0.0325062 -0.0196332
vn -0.6305019 0.2377615 -0.7388754
v -0.0537584 0.0210298 -0.0186897
vn -0.3454425 -0.3137254 -0.8844467
v -0.0217264 0.0684195 -0.0201488
vn -0.0521177 0.1815545 -0.9819989
v -0.0178821 0.0115919 -0.0337868
vn -0.0011850 -0.3551585 -0.9348053
v -0.0146150 -0.0267002 -0.0243785
vn -0.4154249 -0.3161350 -0.8529249
v -0.0264128 -0.0243505 -0.0237961
vn 0.2890463 -0.1575652 -0.9442592
v 0.0299281 -0.0234095 -0.0442102
vn 0.1297983 -0.2016642 -0.9708162
v 0.0104083 -0.0214707 -0.0490996
vn -0.1844230 -0.2915558 -0.9386072
v 0.0055008 -0.0218803 -0.0492206
vn -0.6673815 -0.2740335 -0.6924648
v -0.0304340 -0.0263211 -0.0204477
vn -0.2125162 0.2711835 -0.9387739
v -0.0320078 0.0192095 -0.0305232
vn 0.1922980 -0.1763237 -0.9653660
v 0.0170401 -0.0233470 -0.0473103
vn -0.5039576 -0.3162230 -0.8037598
v -0.0009125 -0.0202592 -0.0471618
vn -0.5218152 0.1077462 -0.8462267
v -0.0111757 0.0826972 -0.0267860
vn -0.5184534 -0.5212421 -0.6778738
v -0.0327019 -0.0256172 -0.0177121
vn -0.3523865 0.2753074 -0.8944438
v -0.0391920 0.0178471 -0.0291037
vn -0.0761960 -0.6818909 0.7274743
v -0.0028316 -0.0513210 0.0414356
vn 0.3525667 0.2674389 -0.8967570
v -0.0314665 0.0417697 -0.0173986
vn -0.5194687 -0.5141531 0.6824946
v -0.0490434 -0.0122763 0.0240748
vn 0.2535861 0.1349550 -0.9578524
v -0.0394978 0.0458349 -0.0196448
vn -0.0199170 0.4342217 -0.9005858
v -0.0223253 0.0233271 -0.0295942
vn 0.2977567 -0.1303578 -0.9456997
v 0.0347679 -0.0225374 -0.0427663
vn -0.2078791 -0.7726918 -0.5997779
v -0.0359095 -0.0215138 -0.0213011
vn -0.2802753 0.3836320 -0.8799275
v -0.0359122 0.0219044 -0.0287741
vn 0.5447543 -0.0696333 -0.8356997
v 0.0446258 -0.0205338 -0.0392933
vn 0.2641379 -0.1808727 -0.9473733
v 0.0327589 -0.0189035 -0.0435680
vn 0.2334497 -0.1348162 -0.9629776
v 0.0224748 -0.0185723 -0.0465233
vn -0.2654467 -0.4044235 -0.8752027
v -0.0133554 -0.0192374 -0.0279078
vn -0.2552271 -0.4737914 -0.8428409
v -0.0268492 -0.0195821 -0.0257038
vn -0.3925415 -0.5782277 -0.7152370
v -0.0311259 -0.0221904 -0.0217347
vn -0.0057058 0.4842404 -0.8749164
v -0.0162598 0.0243173 -0.0297705
vn 0.2373704 -0.2012973 -0.9503340
v 0.0263013 -0.0157429 -0.0464390
vn 0.1925983 -0.1244341 -0.9733561
v 0.0141203 -0.0163528 -0.0488811
vn -0.2177884 -0.3479163 -0.9118785
v -0.0211907 -0.0204043 -0.0274375
vn -0.1080905 -0.6915094 -0.7142348
v -0.0334203 -0.0193851 -0.0247733
vn -0.3874168 -0.7425288 -0.5464058
v -0.0411982 -0.0216087 -0.0189038
vn 0.3635541 -0.0677101 -0.9291092
v 0.0386614 -0.0179772 -0.0422348
vn 0.3366936 -0.0875853 -0.9375320
v 0.0320657 -0.0149056 -0.0450514
vn -0.2456408 -0.7079694 -0.6621479
v -0.0388360 -0.0187146 -0.0243752
vn -0.3408348 -0.2447515 -0.9077049
v -0.0147288 0.0743246 -0.0248449
vn 0.2337088 -0.4307015 0.8717089
v 0.0053613 -0.0510622 0.0402994
vn 0.6066954 -0.0543142 -0.7930767
v 0.0478748 -0.0178217 -0.0368992
vn -0.0870063 -0.1393047 -0.9864199
v 0.0036513 -0.0138888 -0.0507437
vn -0.7534244 -0.2266413 -0.6172401
v -0.0059834 -0.0131784 -0.0460995
vn 0.0237537 -0.3608845 -0.9323080
v -0.0168683 -0.0178734 -0.0283693
vn -0.4554162 -0.7232576 -0.5191287
v -0.0464929 -0.0169434 -0.0204134
vn -0.1195584 -0.4598807 -0.8798952
v -0.0261134 0.0613192 -0.0153378
vn -0.0816998 -0.6024867 -0.7939364
v -0.0202027 0.0642155 -0.0181891
vn -0.6224802 -0.3536059 -0.6981986
v -0.0125500 -0.0139211 -0.0307459
vn -0.1859137 -0.3466904 -0.9193704
v -0.0365537 -0.0114087 -0.0302050
vn -0.4391430 -0.6552446 -0.6146609
v -0.0442220 -0.0147821 -0.0250927
vn -0.5879326 -0.0256386 -0.8085036
v 0.0055738 0.0912460 -0.0369652
vn -0.1572140 0.0112176 -0.9875008
v -0.0482182 0.0366883 -0.0206386
vn 0.6618499 -0.0612374 -0.7471310
v 0.0532782 -0.0125899 -0.0332329
vn 0.4908272 0.0513618 -0.8697417
v 0.0451157 -0.0122303 -0.0386797
vn -0.4543935 -0.1749676 -0.8734488
v -0.0027439 -0.0122837 -0.0487904
vn -0.0297612 -0.5228038 -0.8519334
v -0.0275380 -0.0149613 -0.0280843
vn -0.2867760 -0.5062368 -0.8133166
v -0.0406133 -0.0133140 -0.0283343
vn -0.6111021 -0.4030020 -0.6812809
v -0.0501924 -0.0106746 -0.0236493
vn -0.5866136 -0.8076738 -0.0595627
v -0.0630028 0.0249954 0.0173026
vn -0.5379820 -0.0019102 -0.8429542
v -0.0213262 0.0737890 -0.0212043
vn -0.1481072 -0.7030806 0.6955156
v -0.0524021 0.0262266 0.0372383
vn 0.1372835 -0.0784844 -0.9874176
v 0.0096922 -0.0094450 -0.0504905
vn -0.0551950 -0.5532606 -0.8311776
v -0.0328812 -0.0138547 -0.0293711
vn -0.4938341 -0.4711168 -0.7308741
v -0.0455234 -0.0116344 -0.0269843
vn 0.4287959 0.0547872 -0.9017386
v 0.0369269 -0.0116762 -0.0424924
vn 0.1981158 -0.1111616 -0.9738549
v 0.0194948 -0.0094884 -0.0488617
vn -0.1992998 -0.3761713 -0.9048617
v -0.0157276 -0.0103719 -0.0309243
vn -0.1751992 -0.4357257 -0.8828638
v -0.0231663 -0.0140558 -0.0290256
vn 0.1326462 -0.8629449 -0.4875768
v -0.0026855 -0.0534162 -0.0395645
vn 0.5372463 0.0651148 -0.8409081
v 0.0502518 -0.0081594 -0.0351832
vn 0.3174166 -0.0131734 -0.9481947
v 0.0261401 -0.0101052 -0.0470570
vn -0.5925747 0.1672994 -0.7879506
v -0.0565922 0.0483319 -0.0163313
vn -0.0357342 -0.3545322 -0.9343608
v -0.0205952 -0.0115735 -0.0307816
vn -0.0211364 -0.4111432 -0.9113257
v -0.0288310 -0.0086865 -0.0318357
vn -0.1411648 0.3103956 -0.9400676
v -0.0046409 0.0161176 -0.0349999
vn -0.3035423 -0.1907184 -0.9335355
v 0.0115028 0.0890684 -0.0408214
vn 0.1487982 0.1289804 -0.9804199
v 0.0139724 -0.0032707 -0.0500739
vn -0.2832715 0.0459098 -0.9579403
v 0.0005743 -0.0071477 -0.0505257
vn -0.3294413 -0.4123091 0.8493937
v -0.0572487 0.0287771 0.0367284
vn -0.0354904 0.3229432 -0.9457527
v -0.0190427 0.0184790 -0.0323523
vn -0.2562271 -0.1026239 -0.9611535
v -0.0322391 0.0619994 -0.0140093
vn 0.4628344 0.0837876 -0.8824760
v 0.0401547 -0.0063918 -0.0407615
vn 0.2909608 0.0828850 -0.9531380
v 0.0218470 -0.0045849 -0.0487100
vn -0.4913304 0.1970214 -0.8483968
v -0.0024209 -0.0037312 -0.0490456
vn -0.1437075 -0.2064461 -0.9678472
v -0.0339204 -0.0043699 -0.0330900
vn -0.4012593 -0.2158886 -0.8901591
v -0.0447952 -0.0065274 -0.0292973
vn 0.3583860 0.1364114 -0.9235537
v 0.0257782 -0.0024425 -0.0465473
vn -0.0125247 0.1097893 -0.9938760
v 0.0063489 -0.0042469 -0.0510758
vn -0.4563019 0.2599936 -0.8509946
v -0.0425121 0.0167621 -0.0276864
vn -0.3170232 -0.0512804 -0.9470304
v -0.0397989 -0.0039561 -0.0312365
vn -0.2352539 0.3936442 -0.8886506
v 0.0023967 0.0004144 -0.0492739
vn -0.5934457 -0.1090167 -0.7974570
v -0.0131657 -0.0041768 -0.0346990
vn -0.0164700 -0.1888582 -0.9818663
v -0.0261219 -0.0034458 -0.0333464
vn -0.3785291 0.0719685 -0.9227872
v -0.0550271 0.0405231 -0.0184963
vn -0.3187447 -0.0754151 -0.9448357
v -0.0135270 0.0003260 -0.0354020
vn -0.2180323 -0.2808079 -0.9346704
v -0.0167217 -0.0053147 -0.0328052
vn -0.4955831 0.0853019 -0.8643616
v -0.0440253 0.0909016 -0.0713659
vn -0.4566650 -0.1536532 -0.8762693
v -0.0260400 0.0681950 -0.0179698
vn -0.2410204 0.5605157 -0.7922950
v -0.0325965 0.0298038 -0.0252366
vn 0.3984033 0.1041841 -0.9112741
v 0.0327002 -0.0044777 -0.0442344
vn -0.2781853 -0.7013311 -0.6563137
v -0.0154521 -0.0531752 -0.0416354
vn 0.1454063 -0.8422239 -0.5191492
v 0.0059142 -0.0533869 -0.0374759
vn 0.0666551 -0.9426519 -0.3270542
v 0.0138417 -0.0537602 -0.0348701
vn 0.0637909 -0.9272554 -0.3689556
v 0.0219414 -0.0532131 -0.0347298
vn 0.1183071 -0.9330856 -0.3396391
v 0.0315285 -0.0530198 -0.0328509
vn -0.0310471 -0.9884494 0.1483374
v 0.0284945 -0.0534007 -0.0292648
vn 0.3143229 -0.8933431 -0.3211532
v 0.0368770 -0.0527924 -0.0306628
vn 0.0243856 -0.9906420 0.1342901
v -0.0020815 -0.0538905 -0.0348811
vn 0.0214415 -0.9994753 0.0242766
v 0.0355103 -0.0532270 -0.0270810
vn -0.0459155 -0.9329933 0.3569528
v 0.0093084 -0.0535800 -0.0327519
vn -0.0277240 -0.9636137 0.2658570
v 0.0193882 -0.0532612 -0.0304778
vn 0.0230476 -0.9996140 -0.0155133
v -0.0123759 -0.0539472 -0.0360686
vn -0.1410659 -0.7421775 0.6551893
v 0.0202595 -0.0516675 -0.0281074
vn -0.3457644 -0.8297774 0.4380827
v 0.0299832 -0.0523349 -0.0257145
vn -0.6115350 -0.7083000 -0.3526135
v -0.0201360 -0.0536893 -0.0359129
vn -0.0077186 -0.9999374 -0.0081025
v -0.0199891 -0.0539477 -0.0307780
vn -0.6367728 -0.6705272 -0.3806755
v -0.0241730 -0.0537687 -0.0274474
vn 0.2600413 -0.8488947 0.4601700
v -0.0121205 -0.0531486 -0.0306633
vn 0.2019541 -0.7526647 0.6266661
v -0.0074321 -0.0503981 -0.0300004
vn 0.0238495 -0.7314306 0.6814986
v -0.0022322 -0.0523775 -0.0319236
vn -0.0878028 -0.6863675 0.7219352
v 0.0043798 -0.0507891 -0.0300980
vn -0.0742320 -0.8819767 0.4654102
v 0.0135730 -0.0492404 -0.0273625
vn -0.2672121 -0.9614860 -0.0643611
v 0.0345471 -0.0530527 -0.0207410
vn 0.3490150 -0.9296771 -0.1178515
v 0.0412134 -0.0525518 -0.0177861
vn -0.0157549 -0.8986109 0.4384636
v 0.0021703 -0.0490808 -0.0288388
vn -0.1510063 -0.8647804 0.4789072
v 0.0231066 -0.0490988 -0.0256018
vn 0.1468014 -0.9886946 -0.0305350
v 0.0392402 -0.0528211 -0.0228804
vn 0.1679939 -0.9460160 0.2771857
v -0.0071182 -0.0489999 -0.0276174
vn -0.4619443 -0.8194218 0.3393455
v 0.0290495 -0.0495674 -0.0232846
vn -0.6662570 -0.7457017 0.0055339
v 0.0305809 -0.0501433 -0.0205726
vn 0.4842022 -0.7885320 0.3791643
v -0.0134442 -0.0511028 -0.0262490
vn 0.0086635 -0.9994659 0.0315116
v 0.0073027 -0.0487444 -0.0231408
vn 0.3061167 -0.9286194 0.2096629
v -0.0180402 -0.0535958 -0.0241327
vn 0.0293087 -0.9988955 -0.0367254
v 0.0360572 -0.0532361 -0.0157009
vn 0.2526767 -0.7761142 -0.5777555
v 0.0508716 -0.0502336 -0.0127539
vn -0.2841071 -0.6342463 -0.7190374
v -0.0323298 -0.0537924 -0.0230704
vn -0.2598894 -0.5477840 -0.7952297
v -0.0285886 -0.0537858 -0.0241663
vn 0.3186960 -0.9401729 0.1204489
v -0.0124821 -0.0491956 -0.0230591
vn 0.1839139 -0.9591633 -0.2148988
v 0.0489887 -0.0526070 -0.0078431
vn 0.2785689 -0.8556725 -0.4361469
v 0.0560087 -0.0495967 -0.0113244
vn -0.0074470 -0.9991363 -0.0408797
v -0.0285385 -0.0540171 -0.0212464
vn -0.3562860 -0.9258740 -0.1257683
v 0.0277646 -0.0482666 -0.0178441
vn 0.0490571 -0.9980412 0.0388245
v 0.0287975 -0.0533997 -0.0094027
vn 0.0353600 -0.9776338 0.2073205
v 0.0364557 -0.0533173 -0.0104056
vn 0.0033564 -0.9963875 0.0848565
v 0.0440259 -0.0530181 -0.0084643
vn -0.5781637 -0.6946846 0.4279487
v -0.0500517 -0.0176059 0.0168270
vn 0.4828084 -0.8685288 0.1120437
v -0.0166092 -0.0516196 -0.0199425
vn 0.0125563 -0.9993203 0.0346598
v 0.0156651 -0.0485954 -0.0206325
vn -0.6183888 -0.6775906 -0.3980783
v 0.0295218 -0.0519900 -0.0156995
vn -0.3027741 -0.9297183 -0.2096469
v 0.0291435 -0.0530104 -0.0130894
vn -0.0666612 -0.8972412 0.4364798
v 0.0393099 -0.0521608 -0.0083261
vn -0.3017471 -0.9206572 0.2476672
v 0.0428253 -0.0518410 -0.0053488
vn 0.1989765 -0.9798075 -0.0196400
v 0.0524033 -0.0526590 -0.0017429
vn 0.2856888 -0.9421944 -0.1750763
v 0.0560937 -0.0513616 -0.0055470
vn -0.3627190 -0.8145687 0.4526730
v -0.0410500 -0.0223636 0.0176950
vn -0.4278931 -0.2977378 -0.8533814
v -0.0402874 -0.0525298 -0.0202749
vn -0.2276584 -0.8645986 -0.4479297
v -0.0372386 -0.0539809 -0.0204527
vn 0.1172330 -0.9929318 0.0185161
v -0.0222636 -0.0539388 -0.0212103
vn 0.1755325 -0.9840930 -0.0273729
v -0.0119799 -0.0492707 -0.0160595
vn 0.0162833 -0.9998404 -0.0073580
v -0.0007155 -0.0489582 -0.0234816
vn -0.4887812 -0.8545909 -0.1754062
v 0.0246339 -0.0527111 -0.0068402
vn 0.0921632 -0.9545321 0.2835040
v 0.0316349 -0.0528084 -0.0080573
vn -0.1334939 -0.9863413 0.0964895
v 0.0474656 -0.0531537 -0.0029842
vn -0.2899766 -0.7485709 0.5962846
v -0.0587449 0.0248768 0.0335570
vn 0.0235504 -0.9993953 -0.0255812
v 0.0063156 -0.0490905 -0.0123301
vn -0.3288700 -0.9358082 0.1269158
v 0.0462531 -0.0521445 -0.0011307
vn -0.5049941 -0.8202994 -0.2684956
v 0.0231217 -0.0504081 -0.0083149
vn 0.3961872 -0.9098305 0.1234680
v 0.0290609 -0.0526641 -0.0048272
vn 0.3674659 -0.9300255 -0.0046221
v 0.0605166 -0.0502569 -0.0009570
vn 0.1089177 -0.9938354 -0.0206922
v -0.0174089 -0.0537436 -0.0116619
vn 0.0146067 -0.9994052 -0.0312393
v -0.0045108 -0.0494402 -0.0062073
vn -0.3441926 -0.9359292 -0.0746183
v 0.0473356 -0.0524865 0.0014670
vn 0.2684974 -0.9521279 0.1461563
v 0.0542485 -0.0518164 0.0041139
vn 0.4183648 -0.8951517 0.1538643
v 0.0648724 -0.0477602 0.0038714
vn 0.5191409 -0.8502693 -0.0868045
v 0.0694040 -0.0456794 -0.0030595
vn 0.0145905 -0.9995823 -0.0249478
v -0.0064254 -0.0492963 -0.0122088
vn -0.0831370 -0.9927213 -0.0871366
v 0.0189488 -0.0488502 -0.0094529
vn -0.4790330 -0.8654354 -0.1467956
v 0.0455203 -0.0515328 0.0034247
vn -0.0138408 -0.9981469 0.0592561
v 0.0499981 -0.0528986 0.0011171
vn -0.3887084 -0.9185350 0.0721065
v 0.0241281 -0.0530083 0.0004203
vn 0.0267846 -0.9988522 0.0397111
v 0.0273387 -0.0534961 0.0002055
vn -0.1375659 -0.9262433 0.3509258
v -0.0197183 -0.0533839 -0.0047424
vn -0.0441123 -0.9980961 0.0431083
v -0.0122779 -0.0538501 -0.0048454
vn 0.0840177 -0.9962466 -0.0208273
v -0.0009913 -0.0495933 -0.0002273
vn -0.5751751 -0.8180277 0.0020738
v 0.0204320 -0.0500068 -0.0005446
vn -0.4139992 -0.8052522 -0.4244685
v 0.0432977 -0.0517324 0.0067930
vn -0.1921541 -0.9724601 -0.1319023
v 0.0465268 -0.0528153 0.0056980
vn 0.2486164 -0.9463601 0.2063798
v 0.0476414 -0.0523248 0.0090075
vn 0.5752786 -0.8108310 0.1077392
v 0.0733121 -0.0430579 0.0044150
vn -0.7353987 -0.6157487 -0.2829176
v -0.0480870 -0.0531720 -0.0115776
vn 0.0430260 -0.9915104 0.1227024
v -0.0260954 -0.0539312 -0.0076056
vn 0.0386065 -0.9988383 0.0288372
v -0.0084183 -0.0536680 -0.0003867
vn -0.6885109 -0.7177998 0.1035193
v 0.0214613 -0.0509509 0.0017677
vn 0.2051940 -0.9708717 0.1237075
v 0.0437790 -0.0524381 0.0141099
vn -0.9725114 -0.0988269 -0.2108435
v -0.0492453 -0.0518137 -0.0096255
vn -0.1636198 -0.9776622 -0.1319289
v -0.0440194 -0.0539213 -0.0139623
vn 0.0400167 -0.8900906 0.4540235
v -0.0241996 -0.0522157 -0.0037768
vn -0.3542323 -0.6836967 0.6380269
v -0.0178390 -0.0517773 -0.0024263
vn -0.3774509 -0.8941727 0.2408028
v -0.0120874 -0.0536075 0.0002227
vn -0.0315518 -0.9973603 0.0653972
v 0.0318162 -0.0529546 0.0069813
vn -0.0568358 -0.9927381 -0.1060230
v 0.0415858 -0.0528737 0.0097486
vn 0.3076591 -0.8953388 0.3220470
v 0.0561019 -0.0496750 0.0101602
vn 0.4373402 -0.8193467 0.3706811
v 0.0673704 -0.0447567 0.0108051
vn -0.4522314 -0.8887711 0.0746509
v -0.0474822 -0.0535329 -0.0071201
vn 0.0043700 -0.9999612 0.0076535
v -0.0345642 -0.0540813 -0.0116142
vn 0.1404450 -0.9853980 0.0962603
v -0.0293295 -0.0536828 -0.0025451
vn -0.7211693 -0.6259372 0.2968460
v -0.0128340 -0.0520245 0.0017470
vn 0.0274876 -0.9996219 0.0008034
v 0.0089892 -0.0492471 0.0032469
vn -0.5022302 -0.8095398 0.3039905
v 0.0235916 -0.0512443 0.0069996
vn -0.5175591 -0.7802302 0.3512456
v -0.0462364 -0.0530291 -0.0017347
vn 0.1088649 -0.9933069 0.0385971
v 0.0004545 -0.0495097 0.0072006
vn -0.2463151 -0.9384831 0.2420300
v 0.0275832 -0.0527130 0.0086233
vn -0.1515160 -0.9846006 0.0872043
v 0.0363757 -0.0529861 0.0112964
vn 0.0900382 -0.3290507 0.9400100
v -0.0453005 0.0217589 0.0259115
vn -0.0996702 -0.9924607 0.0713281
v -0.0429744 -0.0536778 -0.0019920
vn -0.0024239 -0.9998598 0.0165672
v -0.0321566 -0.0540207 0.0023570
vn -0.5728605 -0.8192467 0.0258037
v -0.0122171 -0.0527708 0.0068211
vn 0.3795874 -0.9178208 0.1162692
v -0.0076702 -0.0533531 0.0057968
vn 0.4684114 -0.8782041 0.0966870
v -0.0055175 -0.0510231 0.0068482
vn -0.1112950 -0.9937587 0.0075589
v 0.0170247 -0.0491468 0.0014876
vn -0.3367032 -0.9169660 0.2140196
v 0.0227634 -0.0490745 0.0106798
vn 0.4796939 -0.8493845 0.2200902
v 0.0460030 -0.0506107 0.0185827
vn 0.3845468 -0.7866520 0.4830138
v 0.0514927 -0.0481284 0.0161773
vn 0.2881873 -0.7676676 0.5723937
v 0.0592178 -0.0464155 0.0146938
vn 0.2621188 -0.6583803 0.7055701
v 0.0623011 -0.0432138 0.0174402
vn -0.1094292 -0.9935892 0.0283870
v -0.0100336 -0.0536021 0.0082940
vn -0.4195464 -0.7975360 0.4334942
v 0.0275553 -0.0496671 0.0136343
vn -0.4083531 -0.8622801 0.2995341
v -0.0414841 -0.0532035 0.0032369
vn -0.1562425 -0.9857862 -0.0617565
v -0.0138588 -0.0526646 0.0123343
vn -0.4717617 -0.8597840 0.1954799
v 0.0325682 -0.0509026 0.0166706
vn -0.4198304 -0.9010103 -0.1091922
v 0.0348046 -0.0521672 0.0187101
vn 0.1106426 -0.9927872 0.0461710
v 0.0398513 -0.0526428 0.0205324
vn 0.2663872 -0.5531200 0.7893643
v 0.0561273 -0.0450036 0.0166511
vn -0.5039678 -0.8609890 -0.0686607
v -0.0639627 0.0243052 0.0229183
vn -0.1360573 -0.9892597 0.0534206
v -0.0351431 -0.0537552 0.0070283
vn 0.2997597 -0.9475651 0.1107451
v -0.0052439 -0.0495077 0.0158353
vn 0.0408030 -0.9973892 0.0595816
v -0.0001021 -0.0491479 0.0168098
vn -0.4783559 -0.8719376 0.1044054
v -0.0589040 0.0224193 0.0226735
vn 0.4872785 -0.7804620 0.3917125
v -0.0447027 0.0243722 0.0308690
vn 0.0281438 -0.9994839 0.0154893
v -0.0194817 -0.0535467 0.0159011
vn 0.5606743 -0.8061556 0.1890966
v -0.0077801 -0.0522021 0.0118289
vn 0.0109546 -0.9982826 0.0575495
v 0.0179806 -0.0487106 0.0169659
vn -0.4058059 -0.8833692 0.2344790
v 0.0301562 -0.0485579 0.0183115
vn -0.6927136 -0.7002876 -0.1724679
v 0.0322903 -0.0508677 0.0219975
vn 0.4187157 -0.8896208 0.1823516
v 0.0424917 -0.0518207 0.0244919
vn -0.6239694 -0.7223065 0.2982206
v -0.0502082 -0.0207119 0.0096690
vn -0.0415511 -0.9979456 0.0487657
v -0.0314790 -0.0536116 0.0133110
vn 0.2210932 -0.9732847 0.0619245
v -0.0119951 -0.0531054 0.0177447
vn -0.1546312 -0.9826419 -0.1024897
v 0.0313032 -0.0528133 0.0256164
vn 0.2201989 -0.9122987 0.3452878
v 0.0372520 -0.0522310 0.0298659
vn 0.0251683 -0.9983654 0.0513135
v 0.0101843 -0.0487600 0.0190823
vn 0.0061464 -0.9988077 0.0484307
v 0.0246925 -0.0528506 0.0286182
vn 0.5761754 -0.5962548 0.5590189
v 0.0423556 -0.0501236 0.0292833
vn -0.1884228 -0.6255397 0.7570977
v -0.0368610 -0.0170101 0.0262442
vn -0.3707128 -0.7037488 0.6060608
v -0.0431625 -0.0184482 0.0222590
vn 0.4850227 -0.8649607 0.1288256
v -0.0085132 -0.0503683 0.0192827
vn -0.0248430 -0.9988365 -0.0413335
v 0.0205284 -0.0526301 0.0282387
vn 0.0819186 -0.9615182 0.2622445
v 0.0310962 -0.0527175 0.0307177
vn -0.4542354 -0.8811052 -0.1316197
v -0.0491148 0.0606185 -0.0423838
vn -0.4113766 -0.8194343 -0.3991200
v -0.0419653 -0.0249682 -0.0137947
vn -0.5682061 -0.8070422 -0.1607005
v -0.0406726 -0.0529226 0.0138189
vn 0.0114329 -0.9968551 0.0784176
v 0.0244286 -0.0481669 0.0219590
vn -0.2156259 -0.3325679 0.9180981
v -0.0381164 -0.0093708 0.0303828
vn -0.3727054 -0.9044878 -0.2073465
v -0.0419894 -0.0265733 -0.0079515
vn 0.1400619 -0.9898167 0.0254079
v -0.0116935 -0.0529683 0.0240144
vn -0.0120059 -0.9998058 0.0156281
v 0.0136717 -0.0526941 0.0307421
vn 0.1385306 -0.7719629 0.6203890
v 0.0235026 -0.0523154 0.0336176
vn 0.2337068 -0.8791028 0.4154029
v -0.0484301 0.0235271 0.0326503
vn -0.5045326 -0.6208771 0.5999655
v -0.0644387 0.0271034 0.0328163
vn -0.5646589 -0.7703746 -0.2961137
v -0.0476410 -0.0228624 -0.0101351
vn -0.4592409 -0.8831704 -0.0954346
v -0.0446772 -0.0267180 -0.0015629
vn -0.3663964 -0.9261495 -0.0894479
v -0.0374842 -0.0289128 -0.0026395
vn -0.0142392 -0.9989891 0.0426387
v -0.0286230 -0.0530953 0.0217953
vn 0.1208385 -0.9913644 0.0509379
v -0.0029062 -0.0487385 0.0245705
vn 0.0252964 -0.9966540 0.0777231
v 0.0145512 -0.0481814 0.0250143
vn 0.0100873 -0.9988580 0.0467004
v 0.0090414 -0.0526495 0.0318343
vn 0.0421017 -0.9775727 0.2063469
v 0.0181924 -0.0527704 0.0330336
vn 0.1921072 -0.4662032 0.8635678
v 0.0317209 -0.0508576 0.0332618
vn -0.3988183 -0.9168915 0.0159360
v -0.0404556 -0.0528905 0.0202763
vn -0.0738096 -0.9954065 0.0609762
v -0.0085123 -0.0530937 0.0278759
vn 0.0268965 -0.9968325 0.0748444
v 0.0076670 -0.0481922 0.0269143
vn 0.1164212 -0.9643572 -0.2376158
v -0.0472404 0.0611184 -0.0477889
vn -0.7356545 -0.6572798 0.1636941
v -0.0677682 0.0263964 0.0080497
vn -0.2265505 -0.7443460 0.6281911
v -0.0327437 -0.0214725 0.0230828
vn -0.3383780 -0.9366227 0.0907653
v -0.0411329 -0.0280083 0.0025745
vn -0.0096354 -0.9890634 0.1471755
v -0.0178080 -0.0529131 0.0270324
vn -0.0513283 -0.9821373 0.1810295
v -0.0042714 -0.0526400 0.0369311
vn 0.0219206 -0.9977884 0.0627526
v 0.0009041 -0.0527362 0.0343385
vn 0.2572584 -0.4175283 0.8714862
v 0.0185083 -0.0505405 0.0362308
vn -0.2016717 -0.5838659 0.7864026
v -0.0283893 -0.0187862 0.0261996
vn -0.3073047 -0.9471070 0.0924778
v -0.0338264 -0.0300358 0.0005543
vn 0.1157310 -0.9270151 0.3567202
v -0.0190001 -0.0523225 0.0304451
vn 0.1386442 -0.8933049 0.4275327
v 0.0126378 -0.0524727 0.0360336
vn -0.3223029 -0.5319543 0.7830361
v -0.0417167 -0.0149836 0.0261537
vn -0.5816294 -0.8088180 0.0867228
v -0.0476587 -0.0248520 0.0020858
vn -0.2814812 -0.9263301 0.2503616
v -0.0400865 -0.0275191 0.0066126
vn -0.3228416 -0.9193038 0.2250643
v -0.0402289 -0.0527778 0.0265687
vn -0.1797270 -0.9645610 0.1931850
v -0.0108266 -0.0526163 0.0328691
vn -0.2979133 -0.6882010 0.6615340
v -0.0519492 0.0199554 0.0247580
vn -0.2844118 -0.8394843 0.4630076
v -0.0331259 -0.0245784 0.0181545
vn -0.1392563 -0.4591753 0.8773630
v -0.0344450 -0.0125956 0.0299398
vn -0.8488336 -0.4887057 0.2016144
v -0.0427496 -0.0518479 0.0253964
vn 0.0446442 -0.9652305 0.2575595
v -0.0276729 -0.0528842 0.0311965
vn 0.0562327 -0.9541317 0.2940587
v 0.0045631 -0.0523707 0.0388707
vn 0.3011005 -0.2227405 0.9272137
v 0.0133620 -0.0500361 0.0377413
vn -0.3326589 -0.3137243 0.8893341
v -0.0616564 0.0307439 0.0366716
vn -0.7829180 -0.5637762 0.2630511
v -0.0575111 -0.0121241 0.0114302
vn -0.6549535 -0.7422112 -0.1419809
v -0.0516231 -0.0209822 -0.0047237
vn -0.3621149 -0.9048296 0.2239556
v -0.0605085 0.0231600 0.0281115
vn -0.3082184 -0.8349650 0.4558891
v -0.0366806 -0.0526015 0.0317791
vn -0.0263313 -0.5297145 0.8477672
v -0.0314923 -0.0520142 0.0338043
vn -0.3724638 -0.7852210 0.4946702
v -0.0088312 -0.0520518 0.0375345
vn 0.0437623 -0.6764171 -0.7352176
v -0.0064557 0.0712268 -0.0244760
vn 0.3105368 -0.9141439 -0.2605915
v 0.0032437 0.0711792 -0.0218075
vn 0.8205896 -0.1037228 -0.5620269
v 0.0137988 0.0873125 -0.0399949
vn 0.8793021 -0.4378745 -0.1873331
v -0.0403378 0.0665125 -0.0477242
vn 0.2248270 -0.8479134 -0.4800996
v -0.0071678 0.0676726 -0.0202000
vn 0.0643998 -0.7743111 -0.6295197
v 0.0015293 0.0719762 -0.0240386
vn 0.2384006 -0.5008965 -0.8320264
v -0.0402916 0.0753243 -0.0707206
vn -0.1142902 -0.5687507 -0.8145308
v 0.0007772 0.0763657 -0.0282702
vn 0.8675271 -0.4762310 -0.1435297
v -0.0399670 0.0626251 -0.0367172
vn -0.3484032 -0.5429916 -0.7640519
v -0.0434840 0.0713168 -0.0678153
vn 0.1577713 -0.5167309 -0.8414853
v -0.0433753 0.0536726 -0.0204985
vn 0.0405989 -0.8293322 -0.5572791
v 0.0091712 0.0764932 -0.0297268
vn 0.5443129 -0.7095620 -0.4474877
v -0.0417684 0.0703147 -0.0663924
vn 0.7838905 -0.3423617 -0.5179809
v -0.0404055 0.0558197 -0.0202170
vn 0.7343437 -0.6542461 -0.1808356
v -0.0422573 0.0684645 -0.0625574
vn -0.2046495 -0.6578765 -0.7247877
v 0.0062839 0.0782640 -0.0308207
vn -0.1191870 -0.9572669 -0.2635043
v -0.0467671 0.0560669 -0.0260567
vn 0.4551104 -0.8902854 -0.0163225
v -0.0183228 0.0607203 -0.0111357
vn 0.2192754 -0.9060259 -0.3619880
v -0.0455635 0.0632358 -0.0547855
vn 0.6736215 -0.6748229 -0.3014106
v -0.0427633 0.0658798 -0.0564186
vn -0.7248904 -0.6236020 -0.2926677
v -0.0493153 0.0623096 -0.0505281
vn 0.3744838 -0.8929672 -0.2497428
v -0.0437020 0.0585011 -0.0343876
vn 0.6090759 -0.7603059 -0.2257465
v -0.0429394 0.0632197 -0.0482358
vn -0.2059933 -0.9376675 -0.2799042
v -0.0471235 0.0583049 -0.0343026
vn 0.7864496 -0.5941305 -0.1688374
v -0.0408226 0.0595128 -0.0308298
vn 0.5340275 -0.7875829 -0.3074541
v -0.0428403 0.0567054 -0.0266484
vn 0.8887972 -0.3820180 -0.2531835
v -0.0393060 0.0755591 -0.0696268
vn -0.0201947 -0.6440724 -0.7646979
v -0.0152178 0.0658730 -0.0198513
vn 0.3123104 -0.8271050 -0.4672895
v -0.0251977 0.0579413 -0.0118793
vn 0.3960039 -0.9051108 -0.1547753
v -0.0145639 0.0628665 -0.0148546
vn 0.5039874 0.2496650 -0.8268399
v -0.0330335 0.0486903 -0.0162515
vn 0.6461251 -0.7250667 -0.2383292
v -0.0419981 0.0614420 -0.0411038
vn 0.0259338 -0.9708564 -0.2382549
v -0.0449843 0.0596595 -0.0397969
vn 0.2187609 -0.8557832 -0.4688058
v -0.0190464 0.0611186 -0.0150994
# 1522 vertices, 0 vertices normals

f 594//594 664//664 85//85
f 146//146 627//627 681//681
f 599//599 624//624 615//615
f 12//12 80//80 10//10
f 651//651 697//697 696//696
f 182//182 680//680 143//143
f 819//819 194//194 365//365
f 1163//1163 590//590 585//585
f 934//934 935//935 912//912
f 925//925 6//6 877//877
f 1090//1090 1293//1293 1313//1313
f 1076//1076 3//3 210//210
f 210//210 3//3 598//598
f 593//593 615//615 482//482
f 645//645 39//39 611//611
f 657//657 696//696 643//643
f 697//697 182//182 120//120
f 696//696 697//697 120//120
f 666//666 877//877 914//914
f 936//936 763//763 1512//1512
f 914//914 877//877 16//16
f 1366//1366 1095//1095 497//497
f 226//226 584//584 623//623
f 694//694 627//627 26//26
f 979//979 577//577 64//64
f 81//81 681//681 627//627
f 1506//1506 1522//1522 1518//1518
f 694//694 26//26 654//654
f 400//400 223//223 159//159
f 263//263 348//348 4//4
f 1146//1146 1495//1495 1498//1498
f 324//324 641//641 161//161
f 590//590 592//592 602//602
f 183//183 324//324 161//161
f 586//586 592//592 590//590
f 301//301 569//569 570//570
f 630//630 931//931 365//365
f 940//940 950//950 1483//1483
f 38//38 855//855 751//751
f 69//69 217//217 807//807
f 217//217 782//782 807//807
f 7//7 767//767 782//782
f 534//534 636//636 539//539
f 414//414 301//301 570//570
f 683//683 654//654 128//128
f 701//701 186//186 665//665
f 935//935 950//950 949//949
f 52//52 779//779 772//772
f 52//52 69//69 779//779
f 692//692 654//654 683//683
f 730//730 843//843 851//851
f 914//914 16//16 544//544
f 410//410 592//592 586//586
f 897//897 847//847 941//941
f 158//158 217//217 69//69
f 158//158 94//94 217//217
f 94//94 7//7 217//217
f 657//657 651//651 696//696
f 598//598 611//611 694//694
f 1394//1394 1424//1424 1402//1402
f 572//572 972//972 820//820
f 1496//1496 1504//1504 1494//1494
f 52//52 772//772 130//130
f 52//52 53//53 69//69
f 62//62 185//185 629//629
f 130//130 216//216 129//129
f 129//129 52//52 130//130
f 7//7 94//94 160//160
f 558//558 434//434 322//322
f 1387//1387 1412//1412 1395//1395
f 473//473 897//897 561//561
f 1417//1417 1424//1424 1394//1394
f 160//160 94//94 255//255
f 1149//1149 1143//1143 1151//1151
f 676//676 692//692 672//672
f 186//186 187//187 665//665
f 1086//1086 1496//1496 1089//1089
f 129//129 461//461 52//52
f 52//52 461//461 53//53
f 50//50 78//78 77//77
f 620//620 548//548 564//564
f 223//223 617//617 159//159
f 1126//1126 1092//1092 1086//1086
f 1237//1237 203//203 216//216
f 216//216 203//203 129//129
f 1368//1368 1402//1402 1375//1375
f 1508//1508 1503//1503 513//513
f 95//95 676//676 672//672
f 6//6 194//194 877//877
f 789//789 207//207 797//797
f 104//104 103//103 84//84
f 135//135 168//168 90//90
f 35//35 31//31 50//50
f 31//31 78//78 50//50
f 509//509 1139//1139 1144//1144
f 1041//1041 1257//1257 1222//1222
f 509//509 519//519 503//503
f 656//656 147//147 380//380
f 1010//1010 1018//1018 1069//1069
f 59//59 74//74 73//73
f 686//686 572//572 838//838
f 26//26 627//627 146//146
f 194//194 819//819 877//877
f 254//254 129//129 203//203
f 254//254 461//461 129//129
f 201//201 202//202 220//220
f 78//78 84//84 77//77
f 1393//1393 1402//1402 1405//1405
f 788//788 774//774 811//811
f 861//861 781//781 553//553
f 184//184 672//672 223//223
f 24//24 35//35 23//23
f 555//555 537//537 51//51
f 227//227 701//701 71//71
f 207//207 239//239 222//222
f 258//258 1390//1390 264//264
f 36//36 54//54 59//59
f 156//156 155//155 138//138
f 24//24 25//25 31//31
f 25//25 24//24 18//18
f 322//322 555//555 379//379
f 186//186 95//95 187//187
f 239//239 258//258 222//222
f 1286//1286 1289//1289 1297//1297
f 570//570 147//147 656//656
f 611//611 39//39 694//694
f 694//694 39//39 627//627
f 1119//1119 1127//1127 1252//1252
f 218//218 792//792 241//241
f 157//157 90//90 616//616
f 61//61 78//78 31//31
f 134//134 139//139 166//166
f 299//299 443//443 452//452
f 443//443 450//450 452//452
f 654//654 26//26 128//128
f 374//374 113//113 117//117
f 1306//1306 1318//1318 1305//1305
f 235//235 220//220 242//242
f 1463//1463 1488//1488 1474//1474
f 1439//1439 190//190 764//764
f 252//252 258//258 239//239
f 252//252 268//268 258//258
f 268//268 422//422 258//258
f 1409//1409 36//36 44//44
f 552//552 1506//1506 1518//1518
f 1243//1243 948//948 1224//1224
f 970//970 1251//1251 1116//1116
f 208//208 195//195 190//190
f 211//211 207//207 195//195
f 211//211 239//239 207//207
f 201//201 220//220 235//235
f 322//322 414//414 555//555
f 261//261 113//113 374//374
f 537//537 570//570 656//656
f 840//840 757//757 849//849
f 757//757 868//868 853//853
f 470//470 1311//1311 468//468
f 190//190 191//191 208//208
f 444//444 220//220 202//202
f 166//166 127//127 134//134
f 482//482 615//615 689//689
f 208//208 211//211 195//195
f 243//243 252//252 239//239
f 1015//1015 909//909 1067//1067
f 256//256 282//282 276//276
f 1499//1499 8//8 1125//1125
f 294//294 24//24 23//23
f 1092//1092 1189//1189 993//993
f 1439//1439 191//191 190//190
f 268//268 280//280 422//422
f 422//422 280//280 287//287
f 12//12 441//441 449//449
f 3//3 611//611 598//598
f 211//211 243//243 239//239
f 267//267 287//287 280//280
f 242//242 271//271 253//253
f 467//467 1351//1351 1345//1345
f 627//627 39//39 81//81
f 1477//1477 176//176 1439//1439
f 235//235 242//242 253//253
f 261//261 257//257 250//250
f 1251//1251 970//970 982//982
f 1126//1126 1189//1189 1092//1092
f 1439//1439 176//176 191//191
f 176//176 177//177 191//191
f 191//191 177//177 208//208
f 558//558 567//567 434//434
f 261//261 374//374 257//257
f 200//200 215//215 214//214
f 214//214 215//215 225//225
f 1151//1151 1180//1180 1174//1174
f 405//405 204//204 437//437
f 710//710 21//21 709//709
f 208//208 212//212 211//211
f 212//212 243//243 211//211
f 273//273 268//268 252//252
f 268//268 273//273 280//280
f 24//24 31//31 35//35
f 103//103 127//127 93//93
f 59//59 329//329 74//74
f 1514//1514 1513//1513 514//514
f 329//329 105//105 74//74
f 190//190 789//789 764//764
f 149//149 176//176 1477//1477
f 243//243 240//240 252//252
f 251//251 261//261 250//250
f 105//105 102//102 74//74
f 204//204 237//237 437//437
f 581//581 149//149 1477//1477
f 149//149 177//177 176//176
f 212//212 208//208 177//177
f 196//196 212//212 177//177
f 93//93 127//127 121//121
f 1490//1490 1500//1500 481//481
f 77//77 103//103 93//93
f 286//286 353//353 874//874
f 27//27 38//38 751//751
f 240//240 243//243 212//212
f 252//252 240//240 273//273
f 215//215 201//201 235//235
f 236//236 237//237 251//251
f 1514//1514 514//514 1502//1502
f 626//626 608//608 547//547
f 873//873 815//815 88//88
f 1178//1178 1236//1236 1215//1215
f 196//196 240//240 212//212
f 84//84 103//103 77//77
f 49//49 50//50 77//77
f 1517//1517 1223//1223 1522//1522
f 10//10 302//302 12//12
f 303//303 61//61 31//31
f 9//9 255//255 341//341
f 257//257 271//271 242//242
f 91//91 105//105 329//329
f 228//228 611//611 3//3
f 227//227 186//186 701//701
f 1041//1041 1517//1517 578//578
f 150//150 149//149 581//581
f 132//132 150//150 581//581
f 170//170 177//177 149//149
f 229//229 240//240 196//196
f 229//229 273//273 240//240
f 282//282 135//135 90//90
f 36//36 59//59 73//73
f 612//612 9//9 445//445
f 701//701 665//665 1063//1063
f 150//150 170//170 149//149
f 170//170 196//196 177//177
f 196//196 197//197 229//229
f 180//180 362//362 267//267
f 282//282 157//157 276//276
f 186//186 227//227 95//95
f 227//227 43//43 95//95
f 672//672 692//692 683//683
f 151//151 170//170 150//150
f 259//259 273//273 229//229
f 931//931 930//930 365//365
f 271//271 256//256 253//253
f 95//95 43//43 676//676
f 151//151 150//150 132//132
f 178//178 196//196 170//170
f 280//280 273//273 281//281
f 256//256 135//135 282//282
f 54//54 329//329 59//59
f 930//930 920//920 962//962
f 295//295 725//725 27//27
f 27//27 33//33 38//38
f 33//33 56//56 38//38
f 187//187 95//95 672//672
f 799//799 144//144 132//132
f 132//132 144//144 151//151
f 230//230 259//259 229//229
f 259//259 281//281 273//273
f 1505//1505 1514//1514 1499//1499
f 215//215 235//235 225//225
f 15//15 120//120 182//182
f 196//196 178//178 197//197
f 280//280 281//281 180//180
f 168//168 374//374 117//117
f 204//204 238//238 237//237
f 27//27 19//19 33//33
f 799//799 119//119 144//144
f 144//144 152//152 151//151
f 152//152 170//170 151//151
f 230//230 229//229 197//197
f 180//180 633//633 114//114
f 566//566 339//339 560//560
f 86//86 119//119 799//799
f 152//152 178//178 170//170
f 180//180 281//281 167//167
f 988//988 558//558 663//663
f 80//80 262//262 791//791
f 261//261 278//278 113//113
f 33//33 82//82 86//86
f 86//86 82//82 119//119
f 133//133 144//144 119//119
f 152//152 162//162 178//178
f 178//178 162//162 197//197
f 197//197 162//162 230//230
f 259//259 274//274 281//281
f 262//262 80//80 45//45
f 817//817 818//818 824//824
f 57//57 82//82 33//33
f 82//82 109//109 119//119
f 144//144 133//133 152//152
f 198//198 230//230 162//162
f 244//244 274//274 259//259
f 230//230 244//244 259//259
f 281//281 274//274 167//167
f 127//127 138//138 121//121
f 32//32 174//174 45//45
f 45//45 174//174 262//262
f 245//245 230//230 198//198
f 230//230 245//245 244//244
f 206//206 633//633 180//180
f 532//532 643//643 614//614
f 1252//1252 1491//1491 1119//1119
f 244//244 247//247 274//274
f 77//77 93//93 76//76
f 76//76 49//49 77//77
f 43//43 598//598 587//587
f 57//57 87//87 82//82
f 87//87 109//109 82//82
f 163//163 152//152 133//133
f 152//152 163//163 162//162
f 179//179 198//198 162//162
f 119//119 109//109 133//133
f 179//179 162//162 163//163
f 247//247 288//288 274//274
f 274//274 288//288 167//167
f 156//156 193//193 155//155
f 271//271 257//257 374//374
f 498//498 582//582 1506//1506
f 33//33 19//19 754//754
f 33//33 754//754 57//57
f 231//231 245//245 198//198
f 503//503 505//505 492//492
f 262//262 174//174 629//629
f 210//210 227//227 71//71
f 198//198 213//213 231//231
f 247//247 244//244 245//245
f 167//167 288//288 206//206
f 489//489 492//492 485//485
f 377//377 305//305 313//313
f 174//174 412//412 629//629
f 70//70 87//87 57//57
f 269//269 288//288 247//247
f 168//168 117//117 159//159
f 818//818 835//835 824//824
f 57//57 768//768 67//67
f 110//110 109//109 87//87
f 110//110 133//133 109//109
f 200//200 193//193 215//215
f 486//486 492//492 489//489
f 249//249 629//629 412//412
f 629//629 249//249 62//62
f 185//185 62//62 188//188
f 210//210 598//598 43//43
f 227//227 210//210 43//43
f 593//593 599//599 615//615
f 603//603 85//85 659//659
f 164//164 133//133 110//110
f 164//164 163//163 133//133
f 163//163 164//164 179//179
f 231//231 247//247 245//245
f 234//234 527//527 1497//1497
f 990//990 1038//1038 540//540
f 943//943 1030//1030 727//727
f 67//67 70//70 57//57
f 164//164 171//171 179//179
f 179//179 171//171 198//198
f 198//198 171//171 213//213
f 269//269 247//247 231//231
f 681//681 11//11 146//146
f 303//303 31//31 25//25
f 127//127 156//156 138//138
f 250//250 257//257 242//242
f 672//672 683//683 617//617
f 70//70 110//110 87//87
f 70//70 125//125 110//110
f 125//125 137//137 164//164
f 110//110 125//125 164//164
f 805//805 213//213 171//171
f 218//218 241//241 231//231
f 231//231 241//241 269//269
f 236//236 242//242 220//220
f 236//236 250//250 242//242
f 62//62 92//92 188//188
f 223//223 672//672 617//617
f 1401//1401 54//54 36//36
f 974//974 577//577 979//979
f 103//103 134//134 127//127
f 106//106 366//366 115//115
f 193//193 201//201 215//215
f 100//100 67//67 777//777
f 67//67 100//100 70//70
f 70//70 100//100 125//125
f 908//908 635//635 775//775
f 213//213 218//218 231//231
f 275//275 269//269 241//241
f 777//777 795//795 100//100
f 1514//1514 1510//1510 1513//1513
f 100//100 101//101 125//125
f 660//660 1503//1503 862//862
f 11//11 288//288 269//269
f 835//835 850//850 834//834
f 90//90 157//157 282//282
f 256//256 271//271 135//135
f 40//40 765//765 755//755
f 28//28 40//40 755//755
f 40//40 771//771 765//765
f 1222//1222 1223//1223 1517//1517
f 669//669 696//696 183//183
f 599//599 246//246 624//624
f 44//44 36//36 73//73
f 28//28 755//755 740//740
f 17//17 28//28 740//740
f 40//40 58//58 771//771
f 58//58 778//778 777//777
f 665//665 187//187 700//700
f 874//874 914//914 544//544
f 677//677 92//92 305//305
f 325//325 253//253 256//256
f 117//117 113//113 661//661
f 20//20 28//28 17//17
f 313//313 425//425 96//96
f 248//248 275//275 241//241
f 89//89 11//11 269//269
f 104//104 134//134 103//103
f 20//20 29//29 28//28
f 29//29 46//46 40//40
f 28//28 29//29 40//40
f 46//46 58//58 40//40
f 1116//1116 1023//1023 970//970
f 884//884 908//908 775//775
f 1489//1489 1494//1494 1493//1493
f 861//861 786//786 781//781
f 869//869 872//872 776//776
f 142//142 269//269 275//275
f 142//142 89//89 269//269
f 89//89 146//146 11//11
f 187//187 672//672 184//184
f 700//700 699//699 1064//1064
f 248//248 270//270 275//275
f 1368//1368 1375//1375 1359//1359
f 166//166 156//156 127//127
f 209//209 578//578 393//393
f 291//291 30//30 20//20
f 20//20 30//30 29//29
f 46//46 778//778 58//58
f 700//700 1064//1064 665//665
f 696//696 120//120 183//183
f 637//637 625//625 593//593
f 564//564 686//686 620//620
f 305//305 377//377 650//650
f 91//91 115//115 105//105
f 46//46 47//47 778//778
f 649//649 621//621 589//589
f 617//617 616//616 159//159
f 801//801 809//809 192//192
f 89//89 128//128 146//146
f 155//155 193//193 200//200
f 115//115 698//698 105//105
f 636//636 540//540 1038//1038
f 172//172 192//192 809//809
f 270//270 142//142 275//275
f 414//414 322//322 434//434
f 166//166 448//448 156//156
f 1243//1243 1224//1224 1203//1203
f 29//29 41//41 46//46
f 41//41 47//47 46//46
f 153//153 145//145 172//172
f 862//862 1508//1508 1507//1507
f 184//184 223//223 55//55
f 567//567 575//575 434//434
f 261//261 251//251 278//278
f 306//306 25//25 18//18
f 237//237 238//238 251//251
f 29//29 30//30 41//41
f 172//172 173//173 192//192
f 219//219 802//802 192//192
f 173//173 219//219 192//192
f 260//260 142//142 270//270
f 478//478 1351//1351 467//467
f 47//47 48//48 68//68
f 936//936 1512//1512 1505//1505
f 68//68 107//107 793//793
f 111//111 112//112 145//145
f 154//154 172//172 145//145
f 172//172 154//154 173//173
f 478//478 489//489 1351//1351
f 567//567 558//558 901//901
f 448//448 201//201 193//193
f 291//291 22//22 30//30
f 30//30 34//34 41//41
f 34//34 42//42 41//41
f 42//42 48//48 47//47
f 41//41 42//42 47//47
f 1489//1489 1496//1496 1494//1494
f 112//112 111//111 107//107
f 154//154 165//165 173//173
f 277//277 89//89 142//142
f 294//294 18//18 24//24
f 660//660 1501//1501 1503//1503
f 107//107 68//68 83//83
f 112//112 126//126 145//145
f 145//145 126//126 154//154
f 165//165 199//199 173//173
f 199//199 219//219 173//173
f 276//276 142//142 260//260
f 276//276 277//277 142//142
f 72//72 128//128 89//89
f 72//72 683//683 128//128
f 68//68 48//48 83//83
f 83//83 121//121 107//107
f 277//277 72//72 89//89
f 930//930 931//931 906//906
f 236//236 251//251 250//250
f 30//30 22//22 34//34
f 42//42 49//49 48//48
f 121//121 126//126 112//112
f 199//199 214//214 219//219
f 214//214 224//224 219//219
f 34//34 49//49 42//42
f 126//126 155//155 154//154
f 154//154 155//155 165//165
f 703//703 325//325 260//260
f 448//448 193//193 156//156
f 49//49 76//76 48//48
f 48//48 76//76 83//83
f 325//325 276//276 260//260
f 157//157 277//277 276//276
f 91//91 106//106 115//115
f 35//35 50//50 49//49
f 23//23 34//34 22//22
f 93//93 121//121 83//83
f 155//155 200//200 165//165
f 165//165 200//200 199//199
f 157//157 616//616 277//277
f 277//277 616//616 72//72
f 23//23 35//35 34//34
f 35//35 49//49 34//34
f 83//83 76//76 93//93
f 200//200 214//214 199//199
f 214//214 225//225 224//224
f 1320//1320 1338//1338 1319//1319
f 256//256 276//276 325//325
f 121//121 138//138 126//126
f 138//138 155//155 126//126
f 919//919 912//912 929//929
f 296//296 306//306 18//18
f 342//342 349//349 426//426
f 436//436 448//448 416//416
f 387//387 251//251 238//238
f 444//444 237//237 236//236
f 345//345 337//337 106//106
f 308//308 316//316 312//312
f 306//306 310//310 303//303
f 310//310 334//334 303//303
f 308//308 312//312 311//311
f 331//331 313//313 321//321
f 310//310 327//327 334//334
f 327//327 343//343 334//334
f 551//551 446//446 309//309
f 1517//1517 1522//1522 1506//1506
f 374//374 135//135 271//271
f 209//209 588//588 289//289
f 837//837 927//927 1079//1079
f 513//513 1503//1503 524//524
f 1365//1365 1351//1351 489//489
f 209//209 339//339 566//566
f 306//306 303//303 25//25
f 907//907 862//862 1509//1509
f 158//158 69//69 53//53
f 364//364 317//317 203//203
f 419//419 461//461 254//254
f 317//317 254//254 203//203
f 419//419 401//401 461//461
f 461//461 401//401 304//304
f 1424//1424 1416//1416 1405//1405
f 1390//1390 422//422 287//287
f 327//327 350//350 343//343
f 22//22 294//294 23//23
f 317//317 364//364 1444//1444
f 419//419 254//254 317//317
f 304//304 406//406 53//53
f 428//428 419//419 317//317
f 304//304 433//433 406//406
f 420//420 440//440 430//430
f 675//675 457//457 682//682
f 367//367 317//317 1415//1415
f 428//428 401//401 419//419
f 860//860 1149//1149 864//864
f 352//352 370//370 337//337
f 367//367 428//428 317//317
f 106//106 91//91 345//345
f 460//460 433//433 304//304
f 1510//1510 1521//1521 1520//1520
f 675//675 663//663 379//379
f 338//338 63//63 454//454
f 401//401 460//460 304//304
f 433//433 358//358 406//406
f 384//384 424//424 446//446
f 448//448 436//436 202//202
f 204//204 405//405 392//392
f 393//393 339//339 209//209
f 375//375 428//428 367//367
f 258//258 422//422 1390//1390
f 287//287 367//367 1415//1415
f 384//384 446//446 551//551
f 289//289 610//610 483//483
f 375//375 401//401 428//428
f 358//358 341//341 406//406
f 519//519 509//509 1012//1012
f 375//375 367//367 287//287
f 460//460 401//401 375//375
f 460//460 451//451 433//433
f 433//433 451//451 358//358
f 343//343 350//350 84//84
f 478//478 486//486 489//489
f 397//397 341//341 358//358
f 343//343 84//84 78//78
f 430//430 408//408 396//396
f 568//568 189//189 338//338
f 375//375 326//326 460//460
f 431//431 451//451 460//460
f 451//451 332//332 358//358
f 332//332 397//397 358//358
f 341//341 397//397 378//378
f 437//437 436//436 405//405
f 1128//1128 486//486 478//478
f 369//369 373//373 360//360
f 537//537 656//656 356//356
f 558//558 322//322 663//663
f 332//332 451//451 431//431
f 309//309 381//381 342//342
f 1501//1501 1515//1515 524//524
f 442//442 386//386 418//418
f 1454//1454 290//290 18//18
f 547//547 972//972 564//564
f 158//158 406//406 255//255
f 456//456 397//397 332//332
f 355//355 378//378 397//397
f 500//500 352//352 316//316
f 306//306 296//296 310//310
f 21//21 710//710 295//295
f 194//194 630//630 365//365
f 326//326 431//431 460//460
f 456//456 355//355 397//397
f 355//355 445//445 378//378
f 710//710 1487//1487 295//295
f 295//295 27//27 21//21
f 985//985 377//377 96//96
f 450//450 443//443 321//321
f 267//267 326//326 375//375
f 403//403 332//332 431//431
f 388//388 346//346 340//340
f 424//424 299//299 407//407
f 436//436 444//444 202//202
f 91//91 329//329 345//345
f 326//326 394//394 431//431
f 431//431 319//319 403//403
f 403//403 456//456 332//332
f 1502//1502 1008//1008 1040//1040
f 492//492 505//505 485//485
f 402//402 390//390 368//368
f 326//326 423//423 394//394
f 394//394 319//319 431//431
f 5//5 424//424 384//384
f 466//466 1398//1398 300//300
f 456//456 314//314 355//355
f 293//293 725//725 295//295
f 158//158 255//255 94//94
f 551//551 309//309 388//388
f 139//139 368//368 392//392
f 403//403 314//314 456//456
f 445//445 689//689 624//624
f 366//366 370//370 673//673
f 335//335 357//357 363//363
f 267//267 362//362 326//326
f 314//314 689//689 355//355
f 1504//1504 545//545 1500//1500
f 551//551 481//481 384//384
f 417//417 314//314 403//403
f 123//123 689//689 314//314
f 1498//1498 1495//1495 1501//1501
f 1089//1089 1516//1516 1215//1215
f 168//168 135//135 374//374
f 402//402 368//368 363//363
f 387//387 265//265 251//251
f 319//319 417//417 403//403
f 429//429 458//458 402//402
f 641//641 324//324 205//205
f 321//321 404//404 450//450
f 5//5 568//568 338//338
f 238//238 438//438 387//387
f 444//444 236//236 220//220
f 394//394 459//459 319//319
f 417//417 123//123 314//314
f 1119//1119 545//545 1504//1504
f 92//92 677//677 188//188
f 1491//1491 601//601 63//63
f 404//404 452//452 450//450
f 682//682 457//457 409//409
f 464//464 471//471 1300//1300
f 104//104 139//139 134//134
f 351//351 360//360 359//359
f 338//338 299//299 424//424
f 423//423 326//326 362//362
f 394//394 423//423 459//459
f 432//432 418//418 387//387
f 552//552 1518//1518 383//383
f 408//408 439//439 438//438
f 439//439 432//432 438//438
f 319//319 459//459 417//417
f 312//312 337//337 345//345
f 1119//1119 488//488 545//545
f 409//409 421//421 440//440
f 423//423 447//447 459//459
f 9//9 378//378 445//445
f 232//232 373//373 369//369
f 104//104 368//368 139//139
f 518//518 534//534 515//515
f 465//465 1087//1087 798//798
f 408//408 438//438 429//429
f 1515//1515 1030//1030 524//524
f 362//362 97//97 423//423
f 78//78 61//61 334//334
f 432//432 442//442 418//418
f 399//399 266//266 442//442
f 336//336 318//318 344//344
f 453//453 440//440 399//399
f 440//440 453//453 430//430
f 360//360 373//373 376//376
f 396//396 420//420 430//430
f 97//97 447//447 423//423
f 552//552 455//455 498//498
f 396//396 408//408 395//395
f 348//348 263//263 413//413
f 447//447 333//333 459//459
f 26//26 146//146 128//128
f 390//390 458//458 204//204
f 395//395 429//429 402//402
f 309//309 342//342 346//346
f 299//299 452//452 407//407
f 446//446 381//381 309//309
f 418//418 415//415 265//265
f 420//420 396//396 376//376
f 359//359 357//357 344//344
f 73//73 369//369 360//360
f 297//297 296//296 18//18
f 1509//1509 1507//1507 1458//1458
f 354//354 370//370 352//352
f 1210//1210 1204//1204 1205//1205
f 980//980 936//936 1505//1505
f 327//327 328//328 335//335
f 455//455 340//340 426//426
f 166//166 405//405 416//416
f 266//266 221//221 386//386
f 92//92 62//62 249//249
f 348//348 386//386 4//4
f 446//446 407//407 381//381
f 357//357 382//382 372//372
f 1514//1514 1505//1505 1510//1510
f 454//454 425//425 331//331
f 166//166 416//416 448//448
f 372//372 382//382 395//395
f 1495//1495 1515//1515 1501//1501
f 298//298 466//466 472//472
f 1513//1513 1497//1497 499//499
f 321//321 249//249 404//404
f 388//388 309//309 346//346
f 381//381 407//407 391//391
f 1125//1125 980//980 1499//1499
f 265//265 415//415 278//278
f 32//32 412//412 174//174
f 381//381 391//391 342//342
f 994//994 601//601 595//595
f 363//363 368//368 350//350
f 500//500 354//354 352//352
f 503//503 518//518 505//505
f 63//63 425//425 454//454
f 429//429 438//438 458//458
f 432//432 387//387 438//438
f 1089//1089 1496//1496 1489//1489
f 139//139 405//405 166//166
f 560//560 339//339 302//302
f 278//278 413//413 113//113
f 970//970 1179//1179 982//982
f 1215//1215 1126//1126 1089//1089
f 307//307 298//298 472//472
f 399//399 440//440 37//37
f 534//534 519//519 540//540
f 663//663 322//322 379//379
f 336//336 344//344 357//357
f 12//12 302//302 339//339
f 335//335 363//363 327//327
f 312//312 54//54 311//311
f 409//409 373//373 232//232
f 357//357 376//376 382//382
f 396//396 395//395 382//382
f 676//676 587//587 692//692
f 346//346 426//426 340//340
f 426//426 346//346 342//342
f 74//74 232//232 369//369
f 850//850 854//854 841//841
f 1401//1401 311//311 54//54
f 102//102 232//232 74//74
f 315//315 307//307 300//300
f 439//439 442//442 432//432
f 441//441 12//12 339//339
f 54//54 312//312 329//329
f 373//373 420//420 376//376
f 571//571 475//475 562//562
f 1475//1475 1390//1390 1444//1444
f 405//405 436//436 416//416
f 751//751 21//21 27//27
f 418//418 386//386 348//348
f 413//413 661//661 113//113
f 360//360 376//376 359//359
f 405//405 139//139 392//392
f 519//519 518//518 503//503
f 408//408 429//429 395//395
f 1139//1139 503//503 486//486
f 413//413 263//263 661//661
f 437//437 237//237 444//444
f 255//255 406//406 341//341
f 209//209 566//566 588//588
f 1495//1495 1030//1030 1515//1515
f 313//313 331//331 425//425
f 359//359 376//376 357//357
f 303//303 334//334 61//61
f 498//498 1506//1506 552//552
f 1124//1124 1132//1132 859//859
f 350//350 368//368 104//104
f 12//12 449//449 45//45
f 342//342 391//391 349//349
f 483//483 538//538 209//209
f 1110//1110 469//469 1316//1316
f 430//430 439//439 408//408
f 439//439 453//453 442//442
f 1475//1475 264//264 1390//1390
f 73//73 360//360 315//315
f 409//409 232//232 682//682
f 104//104 84//84 350//350
f 347//347 339//339 393//393
f 398//398 449//449 441//441
f 398//398 32//32 449//449
f 1270//1270 1125//1125 8//8
f 396//396 382//382 376//376
f 348//348 278//278 415//415
f 372//372 395//395 402//402
f 339//339 347//347 441//441
f 327//327 363//363 350//350
f 407//407 452//452 391//391
f 96//96 377//377 313//313
f 19//19 27//27 725//725
f 392//392 390//390 204//204
f 360//360 351//351 315//315
f 411//411 32//32 398//398
f 1481//1481 291//291 1216//1216
f 310//310 328//328 327//327
f 1516//1516 1089//1089 1489//1489
f 316//316 337//337 312//312
f 453//453 399//399 442//442
f 498//498 393//393 582//582
f 330//330 398//398 441//441
f 436//436 437//437 444//444
f 1053//1053 609//609 1028//1028
f 1481//1481 22//22 291//291
f 409//409 440//440 420//420
f 299//299 454//454 443//443
f 307//307 351//351 344//344
f 442//442 266//266 386//386
f 325//325 703//703 253//253
f 330//330 441//441 347//347
f 1270//1270 1248//1248 1125//1125
f 409//409 420//420 373//373
f 402//402 363//363 372//372
f 297//297 318//318 296//296
f 345//345 329//329 312//312
f 465//465 1265//1265 1087//1087
f 361//361 398//398 330//330
f 361//361 411//411 398//398
f 412//412 32//32 411//411
f 575//575 66//66 434//434
f 298//298 318//318 297//297
f 338//338 424//424 5//5
f 310//310 336//336 328//328
f 296//296 318//318 310//310
f 338//338 454//454 299//299
f 434//434 66//66 414//414
f 467//467 1330//1330 1316//1316
f 505//505 515//515 494//494
f 347//347 393//393 498//498
f 427//427 361//361 330//330
f 1465//1465 22//22 1481//1481
f 304//304 53//53 461//461
f 318//318 336//336 310//310
f 1124//1124 859//859 1131//1131
f 92//92 249//249 321//321
f 1490//1490 481//481 551//551
f 114//114 97//97 362//362
f 515//515 534//534 528//528
f 415//415 418//418 348//348
f 454//454 331//331 443//443
f 455//455 330//330 347//347
f 391//391 361//361 427//427
f 323//323 411//411 361//361
f 391//391 323//323 361//361
f 323//323 412//412 411//411
f 336//336 357//357 335//335
f 33//33 86//86 56//56
f 357//357 372//372 363//363
f 336//336 335//335 328//328
f 443//443 331//331 321//321
f 265//265 278//278 251//251
f 370//370 366//366 106//106
f 387//387 418//418 265//265
f 370//370 106//106 337//337
f 458//458 238//238 204//204
f 449//449 32//32 45//45
f 458//458 438//438 238//238
f 318//318 307//307 344//344
f 352//352 337//337 316//316
f 351//351 307//307 315//315
f 498//498 455//455 347//347
f 330//330 455//455 427//427
f 1321//1321 468//468 1315//1315
f 1189//1189 887//887 993//993
f 1139//1139 509//509 503//503
f 446//446 424//424 407//407
f 1110//1110 1128//1128 469//469
f 321//321 313//313 305//305
f 568//568 5//5 384//384
f 505//505 518//518 515//515
f 455//455 426//426 427//427
f 349//349 391//391 427//427
f 426//426 349//349 427//427
f 452//452 323//323 391//391
f 344//344 351//351 359//359
f 249//249 412//412 404//404
f 307//307 318//318 298//298
f 404//404 412//412 323//323
f 453//453 439//439 430//430
f 1465//1465 294//294 22//22
f 402//402 458//458 390//390
f 348//348 413//413 278//278
f 900//900 569//569 301//301
f 189//189 63//63 338//338
f 452//452 404//404 323//323
f 552//552 340//340 455//455
f 940//940 1483//1483 756//756
f 368//368 390//390 392//392
f 731//731 813//813 975//975
f 64//64 140//140 620//620
f 527//527 234//234 525//525
f 548//548 626//626 547//547
f 844//844 897//897 542//542
f 547//547 1459//1459 972//972
f 467//467 1316//1316 469//469
f 1490//1490 388//388 383//383
f 934//934 950//950 935//935
f 1272//1272 1268//1268 948//948
f 951//951 684//684 920//920
f 542//542 760//760 844//844
f 286//286 473//473 353//353
f 666//666 561//561 925//925
f 1450//1450 1412//1412 1413//1413
f 463//463 525//525 234//234
f 463//463 642//642 525//525
f 525//525 642//642 679//679
f 930//930 951//951 920//920
f 486//486 503//503 492//492
f 630//630 194//194 6//6
f 1149//1149 860//860 848//848
f 931//931 761//761 906//906
f 906//906 761//761 634//634
f 1026//1026 493//493 474//474
f 925//925 877//877 666//666
f 1492//1492 580//580 234//234
f 580//580 463//463 234//234
f 476//476 487//487 471//471
f 912//912 935//935 929//929
f 414//414 570//570 555//555
f 975//975 668//668 731//731
f 63//63 601//601 425//425
f 1041//1041 578//578 538//538
f 854//854 861//861 553//553
f 516//516 521//521 511//511
f 1081//1081 476//476 464//464
f 1030//1030 583//583 122//122
f 475//475 66//66 575//575
f 800//800 1509//1509 1435//1435
f 501//501 520//520 1111//1111
f 951//951 906//906 546//546
f 499//499 527//527 477//477
f 1491//1491 63//63 488//488
f 530//530 522//522 531//531
f 285//285 1023//1023 978//978
f 844//844 812//812 847//847
f 640//640 962//962 920//920
f 66//66 389//389 301//301
f 495//495 501//501 490//490
f 463//463 614//614 642//642
f 476//476 471//471 464//464
f 471//471 487//487 479//479
f 854//854 758//758 841//841
f 920//920 684//684 888//888
f 1399//1399 1409//1409 300//300
f 1039//1039 999//999 1045//1045
f 549//549 571//571 562//562
f 371//371 820//820 874//874
f 1220//1220 1203//1203 1180//1180
f 1088//1088 1280//1280 1279//1279
f 829//829 834//834 841//841
f 1074//1074 1020//1020 639//639
f 506//506 511//511 495//495
f 514//514 499//499 477//477
f 219//219 224//224 596//596
f 1195//1195 1193//1193 1056//1056
f 846//846 851//851 855//855
f 297//297 1429//1429 298//298
f 828//828 962//962 640//640
f 710//710 723//723 1487//1487
f 974//974 975//975 577//577
f 384//384 481//481 568//568
f 354//354 670//670 370//370
f 334//334 343//343 78//78
f 66//66 475//475 389//389
f 521//521 529//529 520//520
f 542//542 897//897 565//565
f 773//773 769//769 931//931
f 991//991 96//96 606//606
f 527//527 679//679 477//477
f 488//488 63//63 189//189
f 201//201 448//448 202//202
f 529//529 549//549 562//562
f 819//819 828//828 877//877
f 1360//1360 1347//1347 1341//1341
f 934//934 913//913 1483//1483
f 122//122 524//524 1030//1030
f 1400//1400 1409//1409 1399//1399
f 307//307 472//472 300//300
f 554//554 568//568 481//481
f 920//920 888//888 640//640
f 930//930 962//962 819//819
f 1031//1031 1081//1081 1283//1283
f 545//545 488//488 189//189
f 576//576 475//475 571//571
f 513//513 580//580 1492//1492
f 466//466 300//300 472//472
f 491//491 495//495 490//490
f 490//490 501//501 1111//1111
f 839//839 821//821 822//822
f 487//487 490//490 479//479
f 869//869 854//854 553//553
f 365//365 930//930 819//819
f 1442//1442 1469//1469 1452//1452
f 666//666 473//473 561//561
f 383//383 388//388 340//340
f 561//561 926//926 925//925
f 525//525 679//679 527//527
f 513//513 517//517 580//580
f 580//580 517//517 463//463
f 620//620 462//462 64//64
f 666//666 914//914 353//353
f 463//463 517//517 614//614
f 1160//1160 1111//1111 520//520
f 572//572 820//820 556//556
f 925//925 926//926 6//6
f 874//874 544//544 371//371
f 562//562 575//575 567//567
f 74//74 369//369 73//73
f 1412//1412 1432//1432 1417//1417
f 469//469 1128//1128 478//478
f 620//620 686//686 462//462
f 549//549 529//529 535//535
f 1203//1203 1220//1220 1243//1243
f 536//536 550//550 549//549
f 564//564 972//972 572//572
f 529//529 562//562 567//567
f 414//414 66//66 301//301
f 529//529 567//567 1068//1068
f 474//474 475//475 576//576
f 909//909 1091//1091 1003//1003
f 1012//1012 1165//1165 984//984
f 289//289 483//483 209//209
f 555//555 570//570 537//537
f 1216//1216 1480//1480 1469//1469
f 1468//1468 718//718 293//293
f 550//550 1229//1229 549//549
f 1229//1229 571//571 549//549
f 1279//1279 1286//1286 1278//1278
f 490//490 1111//1111 470//470
f 630//630 773//773 931//931
f 522//522 530//530 506//506
f 122//122 532//532 614//614
f 1497//1497 527//527 499//499
f 73//73 315//315 44//44
f 1324//1324 1308//1308 1298//1298
f 513//513 524//524 517//517
f 562//562 475//475 575//575
f 517//517 122//122 614//614
f 1135//1135 506//506 495//495
f 819//819 962//962 828//828
f 546//546 684//684 951//951
f 846//846 850//850 835//835
f 582//582 578//578 1517//1517
f 1031//1031 1283//1283 1281//1281
f 912//912 136//136 913//913
f 564//564 572//572 686//686
f 865//865 861//861 850//850
f 530//530 536//536 535//535
f 906//906 634//634 546//546
f 524//524 122//122 517//517
f 979//979 64//64 462//462
f 506//506 530//530 516//516
f 518//518 519//519 534//534
f 834//834 850//850 841//841
f 877//877 828//828 963//963
f 479//479 470//470 471//471
f 847//847 741//741 769//769
f 850//850 861//861 854//854
f 1081//1081 464//464 1283//1283
f 506//506 516//516 511//511
f 421//421 409//409 457//457
f 479//479 490//490 470//470
f 530//530 535//535 516//516
f 535//535 529//529 521//521
f 1494//1494 1500//1500 1490//1490
f 940//940 668//668 950//950
f 320//320 399//399 37//37
f 320//320 266//266 399//399
f 320//320 2//2 266//266
f 221//221 266//266 2//2
f 570//570 569//569 147//147
f 829//829 841//841 753//753
f 1300//1300 471//471 468//468
f 1490//1490 1493//1493 1494//1494
f 491//491 490//490 487//487
f 538//538 578//578 209//209
f 511//511 501//501 495//495
f 1504//1504 1500//1500 1494//1494
f 489//489 485//485 1365//1365
f 1080//1080 1082//1082 1281//1281
f 582//582 393//393 578//578
f 1129//1129 491//491 487//487
f 586//586 590//590 1163//1163
f 1119//1119 1491//1491 488//488
f 477//477 679//679 161//161
f 516//516 535//535 521//521
f 511//511 520//520 501//501
f 520//520 529//529 1068//1068
f 511//511 521//521 520//520
f 536//536 549//549 535//535
f 116//116 37//37 421//421
f 2//2 356//356 221//221
f 685//685 356//356 656//656
f 308//308 1379//1379 1365//1365
f 526//526 123//123 417//417
f 588//588 526//526 417//417
f 554//554 545//545 189//189
f 116//116 320//320 37//37
f 51//51 2//2 320//320
f 1272//1272 1271//1271 1268//1268
f 475//475 474//474 389//389
f 567//567 901//901 1068//1068
f 1313//1313 1070//1070 1090//1090
f 774//774 608//608 626//626
f 689//689 123//123 482//482
f 298//298 1429//1429 466//466
f 308//308 484//484 316//316
f 1429//1429 297//297 290//290
f 1503//1503 1501//1501 524//524
f 457//457 116//116 421//421
f 51//51 320//320 116//116
f 566//566 560//560 482//482
f 316//316 484//484 500//500
f 500//500 508//508 354//354
f 508//508 528//528 354//354
f 1520//1520 1458//1458 1511//1511
f 480//480 487//487 476//476
f 1298//1298 1308//1308 1301//1301
f 379//379 51//51 116//116
f 528//528 534//534 539//539
f 1245//1245 1288//1288 1061//1061
f 566//566 123//123 526//526
f 123//123 566//566 482//482
f 147//147 618//618 380//380
f 484//484 494//494 500//500
f 494//494 508//508 500//500
f 528//528 670//670 354//354
f 159//159 90//90 168//168
f 480//480 1129//1129 487//487
f 457//457 379//379 116//116
f 494//494 515//515 508//508
f 508//508 515//515 528//528
f 505//505 494//494 485//485
f 1081//1081 480//480 476//476
f 421//421 37//37 440//440
f 1365//1365 485//485 484//484
f 379//379 555//555 51//51
f 379//379 457//457 675//675
f 534//534 540//540 636//636
f 1252//1252 595//595 1491//1491
f 588//588 566//566 526//526
f 970//970 1271//1271 124//124
f 484//484 485//485 494//494
f 528//528 539//539 670//670
f 537//537 2//2 51//51
f 537//537 356//356 2//2
f 742//742 937//937 659//659
f 659//659 937//937 603//603
f 585//585 591//591 532//532
f 161//161 641//641 477//477
f 873//873 544//544 16//16
f 634//634 118//118 664//664
f 615//615 624//624 689//689
f 673//673 370//370 670//670
f 641//641 205//205 1017//1017
f 674//674 670//670 539//539
f 674//674 673//673 670//670
f 205//205 600//600 659//659
f 753//753 735//735 829//829
f 739//739 744//744 843//843
f 901//901 558//558 988//988
f 115//115 366//366 673//673
f 658//658 674//674 539//539
f 1492//1492 234//234 1520//1520
f 612//612 175//175 9//9
f 585//585 532//532 583//583
f 649//649 589//589 160//160
f 1038//1038 652//652 636//636
f 636//636 652//652 658//658
f 674//674 662//662 673//673
f 601//601 606//606 425//425
f 658//658 662//662 674//674
f 267//267 280//280 180//180
f 662//662 658//658 652//652
f 662//662 698//698 673//673
f 560//560 593//593 482//482
f 183//183 272//272 324//324
f 272//272 600//600 324//324
f 662//662 690//690 698//698
f 587//587 654//654 692//692
f 603//603 594//594 85//85
f 644//644 652//652 1038//1038
f 644//644 662//662 652//652
f 232//232 102//102 690//690
f 940//940 756//756 803//803
f 662//662 682//682 690//690
f 682//682 232//232 690//690
f 637//637 302//302 10//10
f 644//644 663//663 662//662
f 662//662 663//663 682//682
f 663//663 675//675 682//682
f 585//585 590//590 591//591
f 584//584 226//226 992//992
f 60//60 786//786 865//865
f 715//715 730//730 830//830
f 988//988 663//663 644//644
f 635//635 680//680 697//697
f 769//769 761//761 931//931
f 353//353 914//914 874//874
f 253//253 628//628 235//235
f 1020//1020 228//228 3//3
f 588//588 417//417 459//459
f 1240//1240 1262//1262 1233//1233
f 669//669 161//161 679//679
f 584//584 85//85 623//623
f 279//279 272//272 15//15
f 612//612 445//445 624//624
f 246//246 175//175 612//612
f 160//160 589//589 7//7
f 589//589 767//767 7//7
f 175//175 621//621 649//649
f 791//791 262//262 629//629
f 597//597 114//114 633//633
f 140//140 64//64 577//577
f 226//226 623//623 175//175
f 664//664 594//594 634//634
f 75//75 1177//1177 65//65
f 623//623 621//621 175//175
f 85//85 664//664 623//623
f 610//610 645//645 283//283
f 43//43 587//587 676//676
f 631//631 565//565 286//286
f 1511//1511 1508//1508 1492//1492
f 642//642 669//669 679//679
f 183//183 161//161 669//669
f 565//565 473//473 286//286
f 645//645 610//610 691//691
f 478//478 467//467 469//469
f 835//835 834//834 824//824
f 547//547 564//564 548//548
f 683//683 72//72 617//617
f 21//21 744//744 709//709
f 623//623 664//664 621//621
f 603//603 546//546 594//594
f 597//597 667//667 447//447
f 81//81 633//633 206//206
f 691//691 633//633 81//81
f 691//691 597//597 633//633
f 101//101 746//746 137//137
f 607//607 775//775 651//651
f 749//749 840//840 748//748
f 645//645 691//691 39//39
f 849//849 757//757 853//853
f 283//283 645//645 228//228
f 684//684 603//603 937//937
f 651//651 775//775 635//635
f 591//591 651//651 657//657
f 598//598 694//694 587//587
f 1513//1513 1510//1510 1497//1497
f 616//616 90//90 159//159
f 289//289 333//333 667//667
f 792//792 747//747 248//248
f 10//10 880//880 637//637
f 625//625 226//226 246//246
f 610//610 289//289 667//667
f 185//185 791//791 629//629
f 589//589 118//118 767//767
f 283//283 228//228 1060//1060
f 1519//1519 1041//1041 538//538
f 120//120 15//15 183//183
f 610//610 667//667 597//597
f 591//591 657//657 532//532
f 183//183 15//15 272//272
f 226//226 625//625 992//992
f 228//228 645//645 611//611
f 664//664 118//118 589//589
f 98//98 542//542 523//523
f 684//684 546//546 603//603
f 117//117 400//400 159//159
f 582//582 1517//1517 1506//1506
f 39//39 691//691 81//81
f 657//657 643//643 532//532
f 651//651 635//635 697//697
f 594//594 546//546 634//634
f 621//621 664//664 589//589
f 11//11 681//681 288//288
f 1512//1512 1510//1510 1505//1505
f 9//9 649//649 255//255
f 607//607 651//651 591//591
f 1299//1299 1326//1326 1325//1325
f 994//994 606//606 601//601
f 114//114 362//362 180//180
f 206//206 681//681 81//81
f 681//681 206//206 288//288
f 685//685 221//221 356//356
f 85//85 584//584 659//659
f 175//175 649//649 9//9
f 587//587 694//694 654//654
f 4//4 386//386 221//221
f 539//539 636//636 658//658
f 600//600 742//742 659//659
f 632//632 655//655 880//880
f 880//880 655//655 637//637
f 680//680 908//908 915//915
f 691//691 610//610 597//597
f 333//333 447//447 667//667
f 655//655 992//992 625//625
f 637//637 655//655 625//625
f 685//685 693//693 221//221
f 221//221 693//693 4//4
f 1518//1518 1493//1493 383//383
f 913//913 934//934 912//912
f 324//324 600//600 205//205
f 597//597 447//447 114//114
f 447//447 97//97 114//114
f 998//998 996//996 632//632
f 302//302 637//637 593//593
f 1//1 4//4 693//693
f 824//824 834//834 829//829
f 649//649 160//160 255//255
f 659//659 992//992 996//996
f 1//1 263//263 4//4
f 830//830 835//835 818//818
f 903//903 678//678 677//677
f 915//915 883//883 143//143
f 656//656 380//380 685//685
f 205//205 659//659 996//996
f 226//226 175//175 246//246
f 697//697 680//680 182//182
f 618//618 646//646 380//380
f 380//380 646//646 685//685
f 685//685 671//671 693//693
f 671//671 1//1 693//693
f 646//646 671//671 685//685
f 618//618 1029//1029 646//646
f 1020//1020 3//3 1076//1076
f 1499//1499 1040//1040 1195//1195
f 12//12 45//45 80//80
f 246//246 612//612 624//624
f 590//590 602//602 607//607
f 776//776 871//871 868//868
f 720//720 1192//1192 733//733
f 625//625 246//246 599//599
f 593//593 625//625 599//599
f 477//477 641//641 1017//1017
f 961//961 949//949 979//979
f 588//588 459//459 333//333
f 1243//1243 1272//1272 948//948
f 604//604 263//263 1//1
f 632//632 996//996 655//655
f 235//235 628//628 225//225
f 614//614 643//643 642//642
f 646//646 647//647 671//671
f 671//671 79//79 1//1
f 79//79 604//604 1//1
f 661//661 263//263 604//604
f 903//903 650//650 960//960
f 720//720 733//733 17//17
f 642//642 643//643 669//669
f 556//556 820//820 371//371
f 671//671 647//647 699//699
f 699//699 79//79 671//671
f 863//863 647//647 646//646
f 1058//1058 483//483 610//610
f 684//684 937//937 888//888
f 79//79 284//284 604//604
f 283//283 1058//1058 610//610
f 703//703 628//628 253//253
f 678//678 695//695 188//188
f 677//677 678//678 188//188
f 703//703 596//596 628//628
f 628//628 596//596 224//224
f 206//206 180//180 167//167
f 400//400 117//117 661//661
f 445//445 355//355 689//689
f 1508//1508 862//862 1503//1503
f 55//55 661//661 604//604
f 696//696 669//669 643//643
f 640//640 888//888 969//969
f 699//699 700//700 79//79
f 604//604 284//284 55//55
f 661//661 55//55 400//400
f 695//695 185//185 188//188
f 1179//1179 1256//1256 982//982
f 846//846 855//855 865//865
f 929//929 935//935 949//949
f 700//700 284//284 79//79
f 590//590 607//607 591//591
f 607//607 602//602 775//775
f 659//659 584//584 992//992
f 187//187 284//284 700//700
f 187//187 184//184 284//284
f 284//284 184//184 55//55
f 55//55 223//223 400//400
f 795//795 101//101 100//100
f 341//341 378//378 9//9
f 1150//1150 1174//1174 890//890
f 872//872 871//871 776//776
f 828//828 640//640 969//969
f 1064//1064 699//699 647//647
f 1424//1424 1462//1462 1416//1416
f 723//723 739//739 708//708
f 1516//1516 1489//1489 1493//1493
f 797//797 207//207 222//222
f 745//745 765//765 754//754
f 1215//1215 1189//1189 1126//1126
f 908//908 680//680 635//635
f 107//107 121//121 112//112
f 746//746 153//153 759//759
f 1255//1255 216//216 130//130
f 60//60 865//865 56//56
f 751//751 744//744 21//21
f 786//786 787//787 785//785
f 781//781 786//786 785//785
f 738//738 465//465 798//798
f 751//751 855//855 750//750
f 800//800 1435//1435 541//541
f 732//732 17//17 740//740
f 777//777 778//778 795//795
f 287//287 267//267 375//375
f 1126//1126 1086//1086 1089//1089
f 143//143 680//680 915//915
f 761//761 118//118 634//634
f 1092//1092 687//687 889//889
f 124//124 1271//1271 1272//1272
f 512//512 784//784 785//785
f 746//746 759//759 810//810
f 795//795 68//68 793//793
f 105//105 698//698 102//102
f 764//764 789//789 734//734
f 770//770 279//279 883//883
f 15//15 143//143 279//279
f 801//801 802//802 688//688
f 1190//1190 881//881 1133//1133
f 1286//1286 1284//1284 1278//1278
f 1511//1511 1507//1507 1508//1508
f 726//726 736//736 725//725
f 795//795 793//793 746//746
f 86//86 799//799 60//60
f 60//60 799//799 787//787
f 137//137 125//125 101//101
f 272//272 279//279 770//770
f 742//742 272//272 770//770
f 688//688 802//802 792//792
f 1395//1395 1417//1417 1394//1394
f 810//810 759//759 171//171
f 806//806 145//145 153//153
f 709//709 744//744 739//739
f 1228//1228 8//8 902//902
f 86//86 60//60 56//56
f 720//720 17//17 732//732
f 793//793 806//806 746//746
f 733//733 20//20 17//17
f 1255//1255 752//752 1482//1482
f 1270//1270 815//815 1248//1248
f 772//772 766//766 752//752
f 797//797 788//788 783//783
f 1188//1188 904//904 1219//1219
f 222//222 258//258 264//264
f 1432//1432 1441//1441 1424//1424
f 736//736 754//754 19//19
f 801//801 688//688 805//805
f 765//765 768//768 754//754
f 872//872 1467//1467 871//871
f 1249//1249 1272//1272 1243//1243
f 782//782 217//217 7//7
f 720//720 1488//1488 1192//1192
f 750//750 855//855 851//851
f 195//195 207//207 789//789
f 766//766 772//772 779//779
f 1194//1194 717//717 756//756
f 1194//1194 734//734 717//717
f 130//130 752//752 1255//1255
f 772//772 752//752 130//130
f 781//781 785//785 784//784
f 553//553 781//781 784//784
f 732//732 740//740 737//737
f 722//722 827//827 1371//1371
f 724//724 807//807 782//782
f 752//752 796//796 1482//1482
f 1092//1092 993//993 687//687
f 788//788 264//264 1475//1475
f 764//764 734//734 1194//1194
f 797//797 222//222 788//788
f 766//766 779//779 807//807
f 596//596 703//703 747//747
f 768//768 771//771 67//67
f 748//748 827//827 722//722
f 137//137 746//746 810//810
f 797//797 790//790 734//734
f 1231//1231 1219//1219 947//947
f 736//736 745//745 754//754
f 1278//1278 1093//1093 1099//1099
f 771//771 58//58 777//777
f 153//153 809//809 759//759
f 285//285 970//970 1023//1023
f 771//771 777//777 67//67
f 1223//1223 1215//1215 1516//1516
f 1219//1219 1231//1231 1188//1188
f 1151//1151 1175//1175 1180//1180
f 789//789 797//797 734//734
f 531//531 1032//1032 530//530
f 728//728 722//722 704//704
f 728//728 743//743 722//722
f 743//743 748//748 722//722
f 864//864 1149//1149 1150//1150
f 101//101 795//795 746//746
f 108//108 1170//1170 891//891
f 715//715 714//714 706//706
f 788//788 222//222 264//264
f 737//737 736//736 726//726
f 1497//1497 1520//1520 234//234
f 734//734 790//790 717//717
f 44//44 315//315 1409//1409
f 171//171 759//759 805//805
f 755//755 765//765 745//745
f 1087//1087 1265//1265 1191//1191
f 137//137 810//810 164//164
f 1174//1174 1180//1180 1203//1203
f 737//737 745//745 736//736
f 807//807 779//779 69//69
f 707//707 715//715 706//706
f 758//758 753//753 841//841
f 758//758 854//854 776//776
f 768//768 765//765 771//771
f 742//742 600//600 272//272
f 766//766 807//807 724//724
f 15//15 182//182 143//143
f 801//801 192//192 802//802
f 688//688 792//792 218//218
f 731//731 811//811 813//813
f 811//811 626//626 813//813
f 806//806 153//153 746//746
f 708//708 739//739 716//716
f 1476//1476 785//785 787//787
f 1488//1488 720//720 719//719
f 739//739 843//843 716//716
f 796//796 752//752 794//794
f 705//705 729//729 728//728
f 602//602 884//884 775//775
f 751//751 750//750 744//744
f 1344//1344 1357//1357 1319//1319
f 1436//1436 1211//1211 1133//1133
f 1478//1478 716//716 707//707
f 762//762 761//761 769//769
f 57//57 754//754 768//768
f 729//729 743//743 728//728
f 786//786 60//60 787//787
f 716//716 730//730 707//707
f 1495//1495 1146//1146 727//727
f 1149//1149 1151//1151 1150//1150
f 111//111 793//793 107//107
f 725//725 293//293 718//718
f 740//740 745//745 737//737
f 1215//1215 887//887 1189//1189
f 1265//1265 976//976 1191//1191
f 766//766 724//724 812//812
f 118//118 761//761 762//762
f 711//711 729//729 705//705
f 749//749 743//743 729//729
f 719//719 732//732 737//737
f 745//745 740//740 755//755
f 778//778 68//68 795//795
f 668//668 790//790 731//731
f 809//809 801//801 759//759
f 706//706 1455//1455 707//707
f 688//688 218//218 805//805
f 790//790 797//797 783//783
f 757//757 840//840 753//753
f 709//709 739//739 723//723
f 1211//1211 1436//1436 892//892
f 940//940 803//803 668//668
f 790//790 783//783 731//731
f 783//783 811//811 731//731
f 802//802 747//747 792//792
f 789//789 190//190 195//195
f 778//778 47//47 68//68
f 1404//1404 711//711 1386//1386
f 802//802 219//219 596//596
f 305//305 92//92 321//321
f 794//794 752//752 766//766
f 724//724 782//782 762//762
f 711//711 735//735 729//729
f 729//729 735//735 749//749
f 1332//1332 1105//1105 1104//1104
f 1516//1516 1493//1493 1522//1522
f 1520//1520 1511//1511 1492//1492
f 802//802 596//596 747//747
f 854//854 869//869 776//776
f 759//759 801//801 805//805
f 131//131 1013//1013 1276//1276
f 744//744 750//750 843//843
f 810//810 171//171 164//164
f 711//711 712//712 735//735
f 749//749 735//735 753//753
f 753//753 758//758 757//757
f 285//285 1271//1271 970//970
f 803//803 790//790 668//668
f 718//718 726//726 725//725
f 1441//1441 1462//1462 1424//1424
f 241//241 792//792 248//248
f 1404//1404 1107//1107 711//711
f 776//776 868//868 758//758
f 783//783 788//788 811//811
f 122//122 583//583 532//532
f 1285//1285 1282//1282 1281//1281
f 724//724 762//762 741//741
f 767//767 118//118 762//762
f 1277//1277 1053//1053 1061//1061
f 213//213 805//805 218//218
f 1203//1203 1224//1224 896//896
f 1390//1390 287//287 1415//1415
f 794//794 812//812 760//760
f 794//794 766//766 812//812
f 762//762 782//782 767//767
f 141//141 880//880 80//80
f 712//712 829//829 735//735
f 803//803 717//717 790//790
f 18//18 290//290 297//297
f 780//780 794//794 760//760
f 967//967 1159//1159 14//14
f 10//10 80//80 880//880
f 1478//1478 1473//1473 708//708
f 713//713 829//829 712//712
f 285//285 1268//1268 1271//1271
f 308//308 1365//1365 484//484
f 982//982 958//958 1251//1251
f 1445//1445 796//796 780//780
f 270//270 747//747 703//703
f 791//791 185//185 141//141
f 80//80 791//791 141//141
f 111//111 806//806 793//793
f 817//817 824//824 829//829
f 1135//1135 1147//1147 522//522
f 1455//1455 706//706 1437//1437
f 796//796 794//794 780//780
f 724//724 741//741 812//812
f 1078//1078 943//943 1273//1273
f 540//540 519//519 1012//1012
f 169//169 233//233 573//573
f 1146//1146 169//169 573//573
f 586//586 1163//1163 1273//1273
f 410//410 586//586 1273//1273
f 1498//1498 169//169 1146//1146
f 573//573 653//653 1273//1273
f 1273//1273 653//653 410//410
f 923//923 233//233 169//169
f 233//233 653//653 573//573
f 866//866 884//884 410//410
f 653//653 866//866 410//410
f 884//884 592//592 410//410
f 923//923 825//825 233//233
f 233//233 825//825 653//653
f 653//653 856//856 866//866
f 825//825 856//856 653//653
f 825//825 923//923 907//907
f 825//825 895//895 856//856
f 866//866 908//908 884//884
f 565//565 897//897 473//473
f 769//769 741//741 762//762
f 830//830 818//818 715//715
f 856//856 886//886 866//866
f 866//866 886//886 908//908
f 941//941 769//769 773//773
f 894//894 825//825 907//907
f 886//886 915//915 908//908
f 1474//1474 1441//1441 1456//1456
f 894//894 895//895 825//825
f 895//895 922//922 856//856
f 856//856 922//922 886//886
f 893//893 185//185 695//695
f 1049//1049 910//910 1011//1011
f 1509//1509 894//894 907//907
f 922//922 957//957 886//886
f 957//957 915//915 886//886
f 1019//1019 1054//1054 1003//1003
f 904//904 932//932 1219//1219
f 1219//1219 966//966 947//947
f 966//966 978//978 971//971
f 957//957 870//870 915//915
f 932//932 938//938 1219//1219
f 1219//1219 938//938 966//966
f 978//978 966//966 965//965
f 1016//1016 971//971 648//648
f 1509//1509 800//800 894//894
f 283//283 181//181 1058//1058
f 978//978 648//648 971//971
f 1491//1491 595//595 601//601
f 1148//1148 904//904 1188//1188
f 1023//1023 648//648 978//978
f 895//895 879//879 922//922
f 922//922 870//870 957//957
f 844//844 847//847 897//897
f 966//966 938//938 965//965
f 800//800 833//833 894//894
f 879//879 870//870 922//922
f 851//851 846//846 842//842
f 975//975 813//813 577//577
f 541//541 921//921 800//800
f 921//921 833//833 800//800
f 894//894 833//833 895//895
f 1475//1475 774//774 788//788
f 813//813 140//140 577//577
f 1148//1148 867//867 904//904
f 285//285 978//978 965//965
f 1014//1014 958//958 1011//1011
f 855//855 56//56 865//865
f 897//897 941//941 561//561
f 730//730 842//842 830//830
f 1073//1073 999//999 1091//1091
f 1131//1131 867//867 1148//1148
f 904//904 898//898 932//932
f 938//938 948//948 965//965
f 815//815 963//963 1248//1248
f 833//833 879//879 895//895
f 870//870 883//883 915//915
f 270//270 248//248 747//747
f 780//780 760//760 542//542
f 980//980 1505//1505 1499//1499
f 839//839 609//609 821//821
f 904//904 867//867 898//898
f 932//932 939//939 938//938
f 939//939 948//948 938//938
f 948//948 1268//1268 965//965
f 1268//1268 285//285 965//965
f 1131//1131 859//859 867//867
f 885//885 898//898 867//867
f 477//477 1017//1017 514//514
f 1279//1279 1153//1153 1088//1088
f 668//668 975//975 950//950
f 906//906 951//951 930//930
f 833//833 959//959 879//879
f 822//822 836//836 839//839
f 836//836 609//609 839//839
f 836//836 848//848 609//609
f 860//860 859//859 1132//1132
f 898//898 939//939 932//932
f 1318//1318 1325//1325 1343//1343
f 870//870 619//619 883//883
f 814//814 826//826 822//822
f 867//867 875//875 885//885
f 885//885 890//890 898//898
f 523//523 565//565 631//631
f 763//763 557//557 541//541
f 959//959 619//619 879//879
f 879//879 619//619 870//870
f 960//960 991//991 889//889
f 859//859 875//875 867//867
f 898//898 896//896 939//939
f 846//846 865//865 850//850
f 861//861 865//865 786//786
f 763//763 936//936 557//557
f 836//836 822//822 826//826
f 890//890 896//896 898//898
f 812//812 741//741 847//847
f 883//883 279//279 143//143
f 959//959 833//833 921//921
f 619//619 770//770 883//883
f 1502//1502 1499//1499 1514//1514
f 543//543 1001//1001 852//852
f 730//730 851//851 842//842
f 926//926 941//941 6//6
f 6//6 941//941 773//773
f 557//557 977//977 541//541
f 541//541 977//977 921//921
f 994//994 889//889 991//991
f 687//687 960//960 889//889
f 860//860 864//864 859//859
f 864//864 875//875 859//859
f 1468//1468 1479//1479 1462//1462
f 921//921 977//977 959//959
f 826//826 1114//1114 836//836
f 639//639 504//504 496//496
f 760//760 812//812 844//844
f 977//977 613//613 959//959
f 959//959 613//613 619//619
f 875//875 1150//1150 885//885
f 1149//1149 848//848 1114//1114
f 1034//1034 989//989 964//964
f 1016//1016 1267//1267 971//971
f 990//990 1012//1012 984//984
f 900//900 301//301 435//435
f 1402//1402 1424//1424 1405//1405
f 982//982 1256//1256 1206//1206
f 742//742 770//770 574//574
f 903//903 960//960 687//687
f 1114//1114 848//848 836//836
f 1006//1006 1043//1043 1033//1033
f 877//877 963//963 16//16
f 875//875 864//864 1150//1150
f 1065//1065 1074//1074 1027//1027
f 899//899 435//435 1022//1022
f 997//997 507//507 1051//1051
f 6//6 773//773 630//630
f 557//557 857//857 977//977
f 977//977 857//857 613//613
f 770//770 619//619 613//613
f 1512//1512 1521//1521 1510//1510
f 75//75 65//65 1159//1159
f 1074//1074 559//559 1060//1060
f 1483//1483 950//950 934//934
f 993//993 678//678 687//687
f 678//678 903//903 687//687
f 1115//1115 1114//1114 1090//1090
f 665//665 1072//1072 1063//1063
f 1159//1159 956//956 75//75
f 140//140 548//548 620//620
f 8//8 1195//1195 902//902
f 557//557 980//980 857//857
f 561//561 941//941 926//926
f 473//473 666//666 353//353
f 974//974 950//950 975//975
f 595//595 1252//1252 994//994
f 1402//1402 1393//1393 1375//1375
f 944//944 956//956 955//955
f 949//949 974//974 979//979
f 124//124 1179//1179 970//970
f 868//868 757//757 758//758
f 936//936 980//980 557//557
f 548//548 813//813 626//626
f 148//148 678//678 993//993
f 944//944 973//973 956//956
f 638//638 75//75 956//956
f 980//980 942//942 857//857
f 574//574 613//613 857//857
f 695//695 678//678 148//148
f 837//837 1042//1042 927//927
f 997//997 987//987 1003//1003
f 131//131 1043//1043 1006//1006
f 842//842 835//835 830//830
f 141//141 185//185 893//893
f 140//140 813//813 548//548
f 972//972 286//286 820//820
f 820//820 286//286 874//874
f 1176//1176 881//881 1185//1185
f 989//989 1267//1267 964//964
f 56//56 855//855 38//38
f 1394//1394 1402//1402 1368//1368
f 148//148 893//893 695//695
f 543//543 579//579 887//887
f 579//579 148//148 887//887
f 842//842 846//846 835//835
f 917//917 928//928 1234//1234
f 1000//1000 1052//1052 1024//1024
f 1002//1002 1091//1091 909//909
f 950//950 974//974 949//949
f 911//911 1221//1221 892//892
f 928//928 933//933 944//944
f 973//973 638//638 956//956
f 622//622 75//75 638//638
f 563//563 75//75 622//622
f 563//563 1177//1177 75//75
f 1010//1010 1059//1059 1005//1005
f 1169//1169 1005//1005 1077//1077
f 832//832 986//986 1105//1105
f 911//911 918//918 917//917
f 918//918 933//933 928//928
f 917//917 918//918 928//928
f 933//933 945//945 944//944
f 1035//1035 1021//1021 987//987
f 1010//1010 1005//1005 1169//1169
f 1341//1341 1352//1352 1336//1336
f 857//857 942//942 574//574
f 1036//1036 986//986 832//832
f 845//845 853//853 881//881
f 944//944 945//945 973//973
f 973//973 981//981 638//638
f 638//638 981//981 622//622
f 838//838 563//563 622//622
f 1035//1035 1072//1072 1064//1064
f 1044//1044 1022//1022 1066//1066
f 899//899 900//900 435//435
f 1077//1077 1004//1004 1050//1050
f 999//999 1073//1073 1049//1049
f 969//969 946//946 1248//1248
f 946//946 574//574 942//942
f 574//574 946//946 742//742
f 1203//1203 896//896 1174//1174
f 884//884 602//602 592//592
f 893//893 148//148 579//579
f 141//141 893//893 579//579
f 1018//1018 1013//1013 1069//1069
f 892//892 905//905 911//911
f 911//911 905//905 918//918
f 973//973 968//968 981//981
f 981//981 838//838 622//622
f 563//563 108//108 1177//1177
f 1177//1177 108//108 891//891
f 88//88 815//815 1170//1170
f 963//963 969//969 1248//1248
f 852//852 579//579 543//543
f 852//852 141//141 579//579
f 849//849 845//845 986//986
f 1446//1446 905//905 892//892
f 905//905 933//933 918//918
f 937//937 742//742 946//946
f 847//847 769//769 941//941
f 613//613 574//574 770//770
f 827//827 1036//1036 832//832
f 849//849 853//853 845//845
f 371//371 873//873 88//88
f 873//873 963//963 815//815
f 969//969 888//888 946//946
f 843//843 750//750 851//851
f 780//780 542//542 98//98
f 973//973 961//961 968//968
f 838//838 572//572 563//563
f 572//572 108//108 563//563
f 88//88 556//556 371//371
f 16//16 963//963 873//873
f 963//963 828//828 969//969
f 888//888 937//937 946//946
f 852//852 880//880 141//141
f 523//523 542//542 565//565
f 748//748 1036//1036 827//827
f 868//868 871//871 853//853
f 853//853 871//871 881//881
f 881//881 871//871 882//882
f 1484//1484 905//905 1446//1446
f 905//905 929//929 933//933
f 979//979 968//968 961//961
f 686//686 838//838 981//981
f 572//572 556//556 108//108
f 743//743 749//749 748//748
f 840//840 849//849 1036//1036
f 905//905 919//919 929//929
f 945//945 961//961 973//973
f 968//968 462//462 981//981
f 686//686 981//981 462//462
f 544//544 873//873 371//371
f 632//632 880//880 852//852
f 748//748 840//840 1036//1036
f 1151//1151 1174//1174 1150//1150
f 933//933 929//929 945//945
f 929//929 949//949 945//945
f 945//945 949//949 961//961
f 979//979 462//462 968//968
f 1004//1004 1000//1000 1050//1050
f 13//13 569//569 1048//1048
f 283//283 1060//1060 181//181
f 953//953 1021//1021 863//863
f 583//583 1078//1078 585//585
f 1064//1064 1072//1072 665//665
f 1079//1079 927//927 1013//1013
f 990//990 984//984 1071//1071
f 1035//1035 987//987 997//997
f 225//225 628//628 224//224
f 1078//1078 1030//1030 943//943
f 1114//1114 1143//1143 1149//1149
f 1029//1029 953//953 863//863
f 1116//1116 1024//1024 1023//1023
f 96//96 425//425 606//606
f 493//493 1042//1042 837//837
f 1401//1401 36//36 1409//1409
f 1076//1076 876//876 1045//1045
f 1051//1051 507//507 999//999
f 995//995 1006//1006 1033//1033
f 435//435 389//389 1025//1025
f 1090//1090 1070//1070 1115//1115
f 536//536 530//530 1032//1032
f 721//721 496//496 1055//1055
f 1049//1049 1011//1011 496//496
f 1022//1022 1025//1025 493//493
f 1029//1029 863//863 646//646
f 1022//1022 493//493 1066//1066
f 1066//1066 493//493 837//837
f 916//916 1066//1066 1007//1007
f 1054//1054 858//858 1067//1067
f 1059//1059 1069//1069 1006//1006
f 1025//1025 474//474 493//493
f 1009//1009 1047//1047 1068//1068
f 1069//1069 1013//1013 131//131
f 1350//1350 1349//1349 1345//1345
f 1036//1036 849//849 986//986
f 858//858 1044//1044 916//916
f 576//576 571//571 1026//1026
f 1046//1046 1048//1048 899//899
f 13//13 953//953 1029//1029
f 13//13 147//147 569//569
f 1060//1060 228//228 1020//1020
f 1071//1071 1009//1009 1068//1068
f 901//901 1071//1071 1068//1068
f 435//435 1025//1025 1022//1022
f 1039//1039 1051//1051 999//999
f 1020//1020 1074//1074 1060//1060
f 953//953 1046//1046 1021//1021
f 1227//1227 1092//1092 889//889
f 964//964 995//995 1033//1033
f 655//655 996//996 992//992
f 1408//1408 1407//1407 1389//1389
f 1048//1048 569//569 900//900
f 1046//1046 899//899 1044//1044
f 701//701 1063//1063 876//876
f 823//823 910//910 1049//1049
f 1094//1094 1061//1061 1028//1028
f 552//552 383//383 340//340
f 1021//1021 1046//1046 1044//1044
f 1000//1000 1004//1004 1052//1052
f 1028//1028 609//609 1132//1132
f 1508//1508 513//513 1492//1492
f 1017//1017 1008//1008 514//514
f 964//964 1267//1267 1016//1016
f 1094//1094 1083//1083 1061//1061
f 205//205 996//996 1017//1017
f 1018//1018 1010//1010 1015//1015
f 71//71 701//701 876//876
f 1004//1004 995//995 1052//1052
f 823//823 1050//1050 910//910
f 1072//1072 1035//1035 997//997
f 585//585 1078//1078 1273//1273
f 1152//1152 1047//1047 1009//1009
f 996//996 1008//1008 1017//1017
f 1004//1004 1005//1005 995//995
f 1030//1030 1078//1078 583//583
f 1115//1115 1070//1070 1100//1100
f 1076//1076 71//71 876//876
f 998//998 1008//1008 996//996
f 823//823 1169//1169 1077//1077
f 1124//1124 1094//1094 1028//1028
f 1352//1352 1341//1341 1347//1347
f 998//998 1001//1001 1008//1008
f 848//848 860//860 609//609
f 716//716 843//843 730//730
f 1276//1276 1013//1013 927//927
f 852//852 1001//1001 998//998
f 504//504 1049//1049 496//496
f 1061//1061 1053//1053 1028//1028
f 899//899 1022//1022 1044//1044
f 1008//1008 1041//1041 1040//1040
f 1132//1132 1124//1124 1028//1028
f 988//988 1071//1071 901//901
f 1246//1246 1258//1258 1042//1042
f 609//609 816//816 821//821
f 1019//1019 858//858 1054//1054
f 1021//1021 1044//1044 858//858
f 1275//1275 976//976 1056//1056
f 1003//1003 1091//1091 507//507
f 1040//1040 1041//1041 1519//1519
f 1024//1024 1052//1052 1016//1016
f 1116//1116 1000//1000 1024//1024
f 1245//1245 1061//1061 1083//1083
f 987//987 1019//1019 1003//1003
f 999//999 1049//1049 1045//1045
f 1257//1257 1041//1041 1008//1008
f 1298//1298 1301//1301 1297//1297
f 1018//1018 837//837 1079//1079
f 639//639 496//496 721//721
f 1056//1056 502//502 1275//1275
f 985//985 96//96 991//991
f 1519//1519 1057//1057 1193//1193
f 1048//1048 900//900 899//899
f 1052//1052 995//995 964//964
f 1005//1005 1059//1059 995//995
f 1015//1015 1010//1010 1169//1169
f 148//148 993//993 887//887
f 1519//1519 538//538 1057//1057
f 1044//1044 1066//1066 916//916
f 858//858 916//916 1067//1067
f 910//910 1050//1050 1014//1014
f 504//504 1045//1045 1049//1049
f 1063//1063 1072//1072 1051//1051
f 1051//1051 1072//1072 997//997
f 1287//1287 1279//1279 1280//1280
f 1057//1057 1062//1062 1193//1193
f 1062//1062 502//502 1193//1193
f 1062//1062 510//510 502//502
f 502//502 510//510 1275//1275
f 147//147 13//13 618//618
f 910//910 1014//1014 1011//1011
f 860//860 1132//1132 609//609
f 1038//1038 990//990 1071//1071
f 952//952 1275//1275 510//510
f 924//924 983//983 952//952
f 1024//1024 1016//1016 648//648
f 647//647 1035//1035 1064//1064
f 995//995 1059//1059 1006//1006
f 538//538 1058//1058 1057//1057
f 1057//1057 1058//1058 1062//1062
f 1075//1075 510//510 1062//1062
f 1037//1037 952//952 510//510
f 983//983 924//924 702//702
f 210//210 71//71 1076//1076
f 984//984 1152//1152 1009//1009
f 1033//1033 1043//1043 1034//1034
f 559//559 1074//1074 1065//1065
f 483//483 1058//1058 538//538
f 1058//1058 1075//1075 1062//1062
f 954//954 952//952 1037//1037
f 954//954 924//924 952//952
f 435//435 301//301 389//389
f 1012//1012 509//509 1165//1165
f 1025//1025 389//389 474//474
f 1518//1518 1522//1522 1493//1493
f 1005//1005 1004//1004 1077//1077
f 1011//1011 958//958 1055//1055
f 644//644 1038//1038 988//988
f 507//507 1091//1091 999//999
f 1021//1021 858//858 987//987
f 1075//1075 831//831 510//510
f 988//988 1038//1038 1071//1071
f 863//863 1021//1021 1035//1035
f 1058//1058 181//181 1075//1075
f 1075//1075 181//181 831//831
f 510//510 831//831 1037//1037
f 876//876 1039//1039 1045//1045
f 1217//1217 1229//1229 550//550
f 887//887 1236//1236 543//543
f 954//954 1196//1196 924//924
f 1076//1076 504//504 639//639
f 1074//1074 639//639 721//721
f 1206//1206 1196//1196 954//954
f 1114//1114 1115//1115 1158//1158
f 863//863 1035//1035 647//647
f 698//698 115//115 673//673
f 823//823 1073//1073 1002//1002
f 858//858 1019//1019 987//987
f 131//131 1006//1006 1069//1069
f 181//181 559//559 831//831
f 1020//1020 1076//1076 639//639
f 1063//1063 1051//1051 1039//1039
f 916//916 1007//1007 1067//1067
f 1076//1076 1045//1045 504//504
f 1065//1065 1037//1037 831//831
f 1010//1010 1069//1069 1059//1059
f 985//985 991//991 960//960
f 1055//1055 958//958 982//982
f 831//831 559//559 1065//1065
f 1037//1037 1065//1065 954//954
f 1027//1027 1206//1206 954//954
f 1063//1063 1039//1039 876//876
f 1007//1007 1018//1018 1067//1067
f 1055//1055 982//982 721//721
f 1046//1046 953//953 13//13
f 1065//1065 1027//1027 954//954
f 990//990 540//540 1012//1012
f 1018//1018 1079//1079 1013//1013
f 650//650 985//985 960//960
f 618//618 13//13 1029//1029
f 984//984 1009//1009 1071//1071
f 181//181 1060//1060 559//559
f 1027//1027 721//721 1206//1206
f 496//496 1011//1011 1055//1055
f 1052//1052 964//964 1016//1016
f 1074//1074 721//721 1027//1027
f 1104//1104 986//986 845//845
f 650//650 377//377 985//985
f 1000//1000 1116//1116 1050//1050
f 982//982 1206//1206 721//721
f 1003//1003 507//507 997//997
f 1351//1351 1350//1350 1345//1345
f 1033//1033 1034//1034 964//964
f 13//13 1048//1048 1046//1046
f 823//823 1077//1077 1050//1050
f 891//891 292//292 605//605
f 1266//1266 1261//1261 1225//1225
f 1170//1170 804//804 891//891
f 1105//1105 1332//1332 497//497
f 509//509 1144//1144 1165//1165
f 955//955 956//956 967//967
f 1159//1159 65//65 465//465
f 1152//1152 984//984 1165//1165
f 1144//1144 1152//1152 1165//1165
f 702//702 1186//1186 983//983
f 885//885 1150//1150 890//890
f 1139//1139 1140//1140 1144//1144
f 1224//1224 939//939 896//896
f 1115//1115 1104//1104 845//845
f 1100//1100 1104//1104 1115//1115
f 554//554 189//189 568//568
f 1128//1128 1140//1140 1139//1139
f 955//955 967//967 1262//1262
f 958//958 1014//1014 1251//1251
f 1234//1234 955//955 1262//1262
f 1228//1228 1270//1270 8//8
f 928//928 944//944 1234//1234
f 1427//1427 1413//1413 1387//1387
f 1128//1128 1134//1134 1140//1140
f 1234//1234 1240//1240 917//917
f 1221//1221 1226//1226 1211//1211
f 887//887 1215//1215 1236//1236
f 1140//1140 1145//1145 1144//1144
f 1178//1178 1215//1215 1223//1223
f 1145//1145 1047//1047 1152//1152
f 1144//1144 1145//1145 1152//1152
f 1093//1093 1278//1278 1245//1245
f 1081//1081 1031//1031 1097//1097
f 1308//1308 1336//1336 1301//1301
f 1153//1153 1098//1098 1088//1088
f 1128//1128 1110//1110 1134//1134
f 1140//1140 1134//1134 1145//1145
f 1105//1105 1095//1095 832//832
f 1145//1145 1160//1160 1047//1047
f 923//923 660//660 862//862
f 1199//1199 1191//1191 976//976
f 1110//1110 1101//1101 1134//1134
f 1134//1134 1160//1160 1145//1145
f 1468//1468 293//293 1479//1479
f 983//983 1199//1199 1275//1275
f 1186//1186 1199//1199 983//983
f 465//465 605//605 1265//1265
f 1316//1316 1106//1106 1110//1110
f 798//798 1084//1084 99//99
f 1205//1205 1181//1181 1185//1185
f 1190//1190 1205//1205 1185//1185
f 1232//1232 1239//1239 1250//1250
f 1125//1125 1248//1248 942//942
f 1110//1110 1106//1106 1101//1101
f 1111//1111 1160//1160 1134//1134
f 903//903 677//677 650//650
f 1261//1261 99//99 1269//1269
f 1204//1204 1210//1210 1232//1232
f 573//573 943//943 727//727
f 1250//1250 1261//1261 1269//1269
f 1111//1111 1134//1134 1101//1101
f 14//14 1159//1159 738//738
f 738//738 1159//1159 465//465
f 677//677 305//305 650//650
f 333//333 289//289 588//588
f 1211//1211 1214//1214 1198//1198
f 1412//1412 1417//1417 1395//1395
f 1196//1196 1256//1256 702//702
f 1158//1158 1176//1176 1157//1157
f 1316//1316 1311//1311 1106//1106
f 1225//1225 1250//1250 1239//1239
f 1311//1311 1101//1101 1106//1106
f 1026//1026 1042//1042 493//493
f 1125//1125 942//942 980//980
f 942//942 1248//1248 946//946
f 1232//1232 1250//1250 1244//1244
f 99//99 808//808 1269//1269
f 560//560 302//302 593//593
f 1436//1436 1446//1446 892//892
f 1204//1204 1244//1244 1209//1209
f 1128//1128 1139//1139 486//486
f 1157//1157 1175//1175 1143//1143
f 1387//1387 1395//1395 1360//1360
f 1198//1198 1205//1205 1190//1190
f 1211//1211 1198//1198 1133//1133
f 1210//1210 1239//1239 1232//1232
f 99//99 1084//1084 808//808
f 1266//1266 738//738 798//798
f 1180//1180 1175//1175 1220//1220
f 1228//1228 804//804 1270//1270
f 1198//1198 1210//1210 1205//1205
f 1053//1053 1277//1277 816//816
f 1499//1499 1195//1195 8//8
f 804//804 292//292 891//891
f 1249//1249 1269//1269 1272//1272
f 1272//1272 1269//1269 124//124
f 1269//1269 808//808 124//124
f 808//808 1120//1120 124//124
f 1228//1228 902//902 292//292
f 1311//1311 470//470 1101//1101
f 1205//1205 1204//1204 1181//1181
f 1217//1217 1246//1246 1229//1229
f 19//19 725//725 736//736
f 1147//1147 531//531 522//522
f 1101//1101 470//470 1111//1111
f 470//470 468//468 471//471
f 1135//1135 495//495 491//491
f 806//806 111//111 145//145
f 703//703 260//260 270//270
f 1034//1034 1253//1253 989//989
f 1217//1217 1230//1230 1246//1246
f 1174//1174 896//896 890//890
f 514//514 1008//1008 1502//1502
f 911//911 917//917 1221//1221
f 1417//1417 1432//1432 1424//1424
f 491//491 1129//1129 1135//1135
f 522//522 506//506 1135//1135
f 1032//1032 1217//1217 550//550
f 1230//1230 1258//1258 1246//1246
f 388//388 1490//1490 551//551
f 1032//1032 531//531 1161//1161
f 1121//1121 1087//1087 1186//1186
f 1133//1133 1198//1198 1190//1190
f 1129//1129 1147//1147 1135//1135
f 1161//1161 1200//1200 1032//1032
f 1032//1032 1200//1200 1217//1217
f 1200//1200 1230//1230 1217//1217
f 1090//1090 826//826 1293//1293
f 1257//1257 1008//1008 1001//1001
f 1256//1256 1179//1179 1120//1120
f 1158//1158 1157//1157 1143//1143
f 1147//1147 1154//1154 531//531
f 531//531 1154//1154 1161//1161
f 132//132 1466//1466 799//799
f 878//878 1501//1501 660//660
f 1519//1519 1195//1195 1040//1040
f 976//976 605//605 1056//1056
f 1250//1250 1249//1249 1244//1244
f 1115//1115 845//845 1158//1158
f 480//480 1122//1122 1129//1129
f 1147//1147 1141//1141 1154//1154
f 1161//1161 1212//1212 1200//1200
f 1200//1200 1212//1212 1230//1230
f 1241//1241 1258//1258 1230//1230
f 1264//1264 989//989 1253//1253
f 1026//1026 571//571 1229//1229
f 1129//1129 1122//1122 1147//1147
f 1212//1212 1241//1241 1230//1230
f 1023//1023 1024//1024 648//648
f 983//983 1275//1275 952//952
f 1122//1122 1141//1141 1147//1147
f 1154//1154 1166//1166 1161//1161
f 1258//1258 927//927 1042//1042
f 1246//1246 1026//1026 1229//1229
f 1081//1081 1108//1108 480//480
f 1108//1108 1122//1122 480//480
f 1141//1141 1130//1130 1154//1154
f 1233//1233 1239//1239 1214//1214
f 1166//1166 1197//1197 1161//1161
f 1161//1161 1197//1197 1212//1212
f 1258//1258 1276//1276 927//927
f 1007//1007 837//837 1018//1018
f 1250//1250 1269//1269 1249//1249
f 1233//1233 1225//1225 1239//1239
f 1130//1130 1155//1155 1154//1154
f 1155//1155 1166//1166 1154//1154
f 474//474 576//576 1026//1026
f 1209//1209 1249//1249 1220//1220
f 1122//1122 1130//1130 1141//1141
f 1197//1197 1201//1201 1212//1212
f 1213//1213 1241//1241 1212//1212
f 1015//1015 1067//1067 1018//1018
f 1097//1097 1096//1096 1081//1081
f 1081//1081 1096//1096 1108//1108
f 1122//1122 1108//1108 1130//1130
f 878//878 169//169 1498//1498
f 1130//1130 1123//1123 1155//1155
f 1212//1212 1201//1201 1213//1213
f 1241//1241 1276//1276 1258//1258
f 1158//1158 1143//1143 1114//1114
f 1206//1206 1256//1256 1196//1196
f 1500//1500 554//554 481//481
f 827//827 832//832 1095//1095
f 909//909 1054//1054 1067//1067
f 1120//1120 1084//1084 1121//1121
f 1225//1225 1261//1261 1250//1250
f 1171//1171 1182//1182 1166//1166
f 1166//1166 1182//1182 1197//1197
f 1244//1244 1249//1249 1209//1209
f 1257//1257 1274//1274 1222//1222
f 1084//1084 1087//1087 1121//1121
f 1108//1108 1123//1123 1130//1130
f 1026//1026 1246//1246 1042//1042
f 1120//1120 1179//1179 124//124
f 536//536 1032//1032 550//550
f 1001//1001 543//543 1236//1236
f 1084//1084 1120//1120 808//808
f 1073//1073 1091//1091 1002//1002
f 1171//1171 1166//1166 1155//1155
f 1213//1213 1276//1276 1241//1241
f 1049//1049 1073//1073 823//823
f 1274//1274 1001//1001 1236//1236
f 65//65 1177//1177 605//605
f 465//465 65//65 605//605
f 1123//1123 1167//1167 1155//1155
f 1213//1213 1247//1247 1276//1276
f 1082//1082 1031//1031 1281//1281
f 1031//1031 1082//1082 1097//1097
f 1096//1096 1117//1117 1108//1108
f 1108//1108 1117//1117 1123//1123
f 1197//1197 1182//1182 1201//1201
f 1500//1500 545//545 554//554
f 1181//1181 1209//1209 1175//1175
f 605//605 1177//1177 891//891
f 1257//1257 1001//1001 1274//1274
f 1266//1266 99//99 1261//1261
f 1262//1262 1266//1266 1225//1225
f 1096//1096 1097//1097 1102//1102
f 1155//1155 1167//1167 1171//1171
f 1182//1182 1202//1202 1201//1201
f 1202//1202 1207//1207 1201//1201
f 1201//1201 1207//1207 1213//1213
f 1213//1213 1207//1207 1247//1247
f 1276//1276 1263//1263 131//131
f 1264//1264 1267//1267 989//989
f 1096//1096 1102//1102 1117//1117
f 1136//1136 1167//1167 1123//1123
f 845//845 881//881 1176//1176
f 1312//1312 1333//1333 1100//1100
f 1160//1160 520//520 1068//1068
f 1157//1157 1181//1181 1175//1175
f 923//923 878//878 660//660
f 1117//1117 1118//1118 1123//1123
f 909//909 1003//1003 1054//1054
f 1080//1080 1280//1280 1082//1082
f 1167//1167 1172//1172 1171//1171
f 1171//1171 1172//1172 1182//1182
f 1247//1247 1263//1263 1276//1276
f 1198//1198 1214//1214 1210//1210
f 1175//1175 1209//1209 1220//1220
f 1136//1136 1156//1156 1167//1167
f 1167//1167 1156//1156 1172//1172
f 1172//1172 1202//1202 1182//1182
f 1502//1502 1040//1040 1499//1499
f 1199//1199 976//976 1275//1275
f 499//499 514//514 1513//1513
f 1082//1082 1098//1098 1097//1097
f 1098//1098 1102//1102 1097//1097
f 1123//1123 1118//1118 1136//1136
f 1207//1207 1242//1242 1247//1247
f 1247//1247 1259//1259 1263//1263
f 1015//1015 1002//1002 909//909
f 1353//1353 1324//1324 1318//1318
f 1084//1084 798//798 1087//1087
f 1280//1280 1088//1088 1082//1082
f 1082//1082 1088//1088 1098//1098
f 1043//1043 131//131 1263//1263
f 1176//1176 1185//1185 1157//1157
f 1185//1185 1181//1181 1157//1157
f 502//502 1056//1056 1193//1193
f 902//902 1195//1195 1056//1056
f 1102//1102 1112//1112 1117//1117
f 1117//1117 1112//1112 1118//1118
f 1156//1156 1187//1187 1172//1172
f 1202//1202 1242//1242 1207//1207
f 1247//1247 1242//1242 1259//1259
f 1043//1043 1263//1263 1259//1259
f 1226//1226 1233//1233 1214//1214
f 1233//1233 1262//1262 1225//1225
f 730//730 715//715 707//707
f 1260//1260 966//966 971//971
f 1187//1187 1202//1202 1172//1172
f 1143//1143 1175//1175 1151//1151
f 1169//1169 1002//1002 1015//1015
f 1181//1181 1204//1204 1209//1209
f 1253//1253 1043//1043 1259//1259
f 1253//1253 1034//1034 1043//1043
f 1274//1274 1236//1236 1178//1178
f 1118//1118 1137//1137 1136//1136
f 1136//1136 1142//1142 1156//1156
f 1242//1242 1253//1253 1259//1259
f 1186//1186 1191//1191 1199//1199
f 1112//1112 1137//1137 1118//1118
f 1142//1142 1173//1173 1156//1156
f 1173//1173 1187//1187 1156//1156
f 923//923 169//169 878//878
f 1087//1087 1191//1191 1186//1186
f 1098//1098 1109//1109 1102//1102
f 1102//1102 1109//1109 1112//1112
f 1202//1202 1208//1208 1242//1242
f 1208//1208 1238//1238 1242//1242
f 1204//1204 1232//1232 1244//1244
f 1007//1007 1066//1066 837//837
f 1093//1093 1245//1245 1083//1083
f 1109//1109 1113//1113 1112//1112
f 1112//1112 1113//1113 1137//1137
f 1187//1187 1208//1208 1202//1202
f 1242//1242 1238//1238 1253//1253
f 804//804 1228//1228 292//292
f 1274//1274 1178//1178 1222//1222
f 845//845 1176//1176 1158//1158
f 1095//1095 1105//1105 497//497
f 967//967 14//14 1262//1262
f 1041//1041 1222//1222 1517//1517
f 1136//1136 1137//1137 1142//1142
f 1312//1312 1100//1100 1070//1070
f 1265//1265 605//605 976//976
f 1153//1153 1099//1099 1098//1098
f 1173//1173 1183//1183 1187//1187
f 1187//1187 1183//1183 1208//1208
f 1195//1195 1519//1519 1193//1193
f 573//573 1273//1273 943//943
f 1214//1214 1239//1239 1210//1210
f 994//994 991//991 606//606
f 632//632 852//852 998//998
f 1100//1100 1333//1333 1332//1332
f 811//811 774//774 626//626
f 1030//1030 1495//1495 727//727
f 826//826 814//814 1293//1293
f 1162//1162 1173//1173 1142//1142
f 609//609 1053//1053 816//816
f 1099//1099 1103//1103 1109//1109
f 1098//1098 1099//1099 1109//1109
f 1109//1109 1138//1138 1113//1113
f 1113//1113 1138//1138 1137//1137
f 1162//1162 1142//1142 1137//1137
f 1162//1162 1183//1183 1173//1173
f 1238//1238 1264//1264 1253//1253
f 798//798 99//99 1266//1266
f 1286//1286 1297//1297 1296//1296
f 986//986 1104//1104 1105//1105
f 1119//1119 1085//1085 1127//1127
f 1114//1114 826//826 1090//1090
f 1278//1278 1099//1099 1153//1153
f 1138//1138 1162//1162 1137//1137
f 1183//1183 1218//1218 1208//1208
f 1208//1208 1218//1218 1238//1238
f 88//88 1170//1170 108//108
f 1146//1146 573//573 727//727
f 1333//1333 1372//1372 1332//1332
f 497//497 1332//1332 1372//1372
f 1103//1103 1138//1138 1109//1109
f 1184//1184 1183//1183 1162//1162
f 1183//1183 1184//1184 1218//1218
f 88//88 108//108 556//556
f 1133//1133 881//881 882//882
f 1211//1211 1226//1226 1214//1214
f 1366//1366 1371//1371 1095//1095
f 1127//1127 1227//1227 1252//1252
f 1227//1227 994//994 1252//1252
f 718//718 1468//1468 1462//1462
f 1226//1226 1240//1240 1233//1233
f 1504//1504 1085//1085 1119//1119
f 889//889 994//994 1227//1227
f 1168//1168 1162//1162 1138//1138
f 1095//1095 1371//1371 827//827
f 1234//1234 1262//1262 1240//1240
f 383//383 1493//1493 1490//1490
f 1170//1170 1270//1270 804//804
f 1168//1168 1184//1184 1162//1162
f 1068//1068 1047//1047 1160//1160
f 917//917 1240//1240 1226//1226
f 1120//1120 1121//1121 1256//1256
f 917//917 1226//1226 1221//1221
f 947//947 966//966 1260//1260
f 1093//1093 1103//1103 1099//1099
f 14//14 738//738 1266//1266
f 1262//1262 14//14 1266//1266
f 924//924 1196//1196 702//702
f 715//715 818//818 714//714
f 1085//1085 1504//1504 1496//1496
f 1093//1093 1083//1083 1103//1103
f 1168//1168 1138//1138 1103//1103
f 1218//1218 1264//1264 1238//1238
f 1264//1264 1254//1254 1267//1267
f 705//705 704//704 1386//1386
f 881//881 1190//1190 1185//1185
f 1221//1221 1211//1211 892//892
f 706//706 714//714 1437//1437
f 1188//1188 1184//1184 1168//1168
f 815//815 1270//1270 1170//1170
f 713//713 817//817 829//829
f 714//714 818//818 817//817
f 1289//1289 1298//1298 1297//1297
f 1092//1092 1227//1227 1127//1127
f 1188//1188 1218//1218 1184//1184
f 1254//1254 1264//1264 1218//1218
f 1332//1332 1104//1104 1100//1100
f 1496//1496 1086//1086 1085//1085
f 1086//1086 1127//1127 1085//1085
f 1083//1083 1094//1094 1103//1103
f 1131//1131 1168//1168 1103//1103
f 1254//1254 1260//1260 1267//1267
f 1121//1121 1186//1186 702//702
f 878//878 1498//1498 1501//1501
f 714//714 817//817 713//713
f 1124//1124 1131//1131 1103//1103
f 1148//1148 1188//1188 1168//1168
f 1231//1231 1218//1218 1188//1188
f 1231//1231 1254//1254 1218//1218
f 20//20 733//733 291//291
f 1256//1256 1121//1121 702//702
f 1002//1002 1169//1169 823//823
f 1086//1086 1092//1092 1127//1127
f 1094//1094 1124//1124 1103//1103
f 1131//1131 1148//1148 1168//1168
f 967//967 956//956 1159//1159
f 1116//1116 1251//1251 1050//1050
f 1050//1050 1251//1251 1014//1014
f 944//944 955//955 1234//1234
f 947//947 1254//1254 1231//1231
f 1260//1260 971//971 1267//1267
f 939//939 1224//1224 948//948
f 1223//1223 1222//1222 1178//1178
f 292//292 902//902 1056//1056
f 1056//1056 605//605 292//292
f 1220//1220 1249//1249 1243//1243
f 907//907 923//923 862//862
f 1341//1341 1336//1336 1308//1308
f 1344//1344 1319//1319 1338//1338
f 1444//1444 1390//1390 1415//1415
f 1260//1260 1254//1254 947//947
f 1426//1426 1434//1434 1425//1425
f 1299//1299 1310//1310 1326//1326
f 1365//1365 1350//1350 1351//1351
f 1388//1388 1385//1385 1356//1356
f 1419//1419 1397//1397 1403//1403
f 1342//1342 1348//1348 1354//1354
f 1355//1355 1342//1342 1339//1339
f 1342//1342 1355//1355 1348//1348
f 1354//1354 1363//1363 1362//1362
f 1420//1420 1407//1407 1425//1425
f 1363//1363 1370//1370 1377//1377
f 1362//1362 1363//1363 1377//1377
f 1408//1408 1426//1426 1425//1425
f 862//862 1507//1507 1509//1509
f 1480//1480 1192//1192 1463//1463
f 1480//1480 1463//1463 1464//1464
f 1316//1316 1315//1315 1311//1311
f 1329//1329 1339//1339 1315//1315
f 1329//1329 1355//1355 1339//1339
f 1348//1348 1363//1363 1354//1354
f 1521//1521 1435//1435 1458//1458
f 1435//1435 1521//1521 763//763
f 1364//1364 1370//1370 1363//1363
f 1520//1520 1521//1521 1458//1458
f 732//732 719//719 720//720
f 1303//1303 1299//1299 1285//1285
f 1303//1303 1310//1310 1299//1299
f 311//311 1401//1401 1379//1379
f 1311//1311 1315//1315 468//468
f 1281//1281 1282//1282 1080//1080
f 1427//1427 1457//1457 1413//1413
f 1510//1510 1520//1520 1497//1497
f 1434//1434 1428//1428 1425//1425
f 1310//1310 1320//1320 1319//1319
f 1434//1434 1454//1454 1443//1443
f 102//102 698//698 690//690
f 1385//1385 1403//1403 1397//1397
f 1370//1370 1408//1408 1377//1377
f 1469//1469 1480//1480 1452//1452
f 1418//1418 1451//1451 1427//1427
f 1433//1433 1453//1453 1442//1442
f 1369//1369 1397//1397 1361//1361
f 608//608 1414//1414 1235//1235
f 821//821 1291//1291 822//822
f 1459//1459 631//631 286//286
f 1453//1453 1469//1469 1442//1442
f 1330//1330 1329//1329 1315//1315
f 1363//1363 1348//1348 1355//1355
f 464//464 1303//1303 1283//1283
f 1290//1290 1305//1305 1302//1302
f 1426//1426 290//290 1454//1454
f 1357//1357 1388//1388 1356//1356
f 763//763 1521//1521 1512//1512
f 1412//1412 1450//1450 1432//1432
f 512//512 1472//1472 784//784
f 1315//1315 1339//1339 1321//1321
f 1377//1377 1408//1408 1389//1389
f 608//608 631//631 1459//1459
f 1330//1330 1315//1315 1316//1316
f 1355//1355 1364//1364 1363//1363
f 1398//1398 1370//1370 1364//1364
f 1370//1370 1398//1398 1408//1408
f 547//547 608//608 1459//1459
f 1476//1476 787//787 1460//1460
f 1398//1398 1421//1421 1408//1408
f 1421//1421 1426//1426 1408//1408
f 1413//1413 1412//1412 1387//1387
f 1509//1509 1458//1458 1435//1435
f 1303//1303 1285//1285 1283//1283
f 1235//1235 523//523 631//631
f 1375//1375 1393//1393 1383//1383
f 1365//1365 1379//1379 1350//1350
f 1469//1469 1481//1481 1216//1216
f 1321//1321 1328//1328 1327//1327
f 1438//1438 1451//1451 1418//1418
f 1443//1443 1465//1465 1453//1453
f 1353//1353 1384//1384 1341//1341
f 1477//1477 1439//1439 1470//1470
f 1306//1306 1325//1325 1318//1318
f 1337//1337 1356//1356 1369//1369
f 1325//1325 1326//1326 1337//1337
f 608//608 1235//1235 631//631
f 1235//1235 1410//1410 523//523
f 1410//1410 98//98 523//523
f 1487//1487 293//293 295//295
f 1406//1406 1407//1407 1420//1420
f 1318//1318 1343//1343 1353//1353
f 1305//1305 1318//1318 1302//1302
f 1289//1289 1290//1290 1302//1302
f 1283//1283 1285//1285 1281//1281
f 1421//1421 1429//1429 1426//1426
f 1445//1445 780//780 98//98
f 512//512 785//785 1476//1476
f 1429//1429 290//290 1426//1426
f 1403//1403 1385//1385 1388//1388
f 1469//1469 1465//1465 1481//1481
f 1407//1407 1406//1406 1389//1389
f 1462//1462 1474//1474 718//718
f 1369//1369 1385//1385 1397//1397
f 1465//1465 1469//1469 1453//1453
f 1318//1318 1324//1324 1302//1302
f 1337//1337 1357//1357 1356//1356
f 1235//1235 1414//1414 1410//1410
f 1410//1410 1485//1485 98//98
f 98//98 1485//1485 1445//1445
f 1396//1396 1427//1427 1384//1384
f 1400//1400 1401//1401 1409//1409
f 726//726 719//719 737//737
f 1410//1410 1414//1414 1485//1485
f 1421//1421 466//466 1429//1429
f 1379//1379 1401//1401 1400//1400
f 1320//1320 1327//1327 1338//1338
f 1339//1339 1342//1342 1328//1328
f 1428//1428 1453//1453 1433//1433
f 1350//1350 1378//1378 1349//1349
f 919//919 905//905 1484//1484
f 708//708 716//716 1478//1478
f 608//608 774//774 1414//1414
f 1485//1485 1340//1340 1445//1445
f 1474//1474 1488//1488 718//718
f 1427//1427 1387//1387 1384//1384
f 1324//1324 1341//1341 1308//1308
f 1287//1287 1286//1286 1279//1279
f 1482//1482 796//796 1445//1445
f 1349//1349 1355//1355 1329//1329
f 1353//1353 1341//1341 1324//1324
f 53//53 406//406 158//158
f 1409//1409 315//315 300//300
f 1302//1302 1324//1324 1298//1298
f 1340//1340 1255//1255 1445//1445
f 1384//1384 1387//1387 1360//1360
f 1349//1349 1364//1364 1355//1355
f 1475//1475 1414//1414 774//774
f 1487//1487 1479//1479 293//293
f 919//919 136//136 912//912
f 1457//1457 1450//1450 1413//1413
f 1475//1475 1485//1485 1414//1414
f 533//533 1422//1422 913//913
f 1422//1422 1483//1483 913//913
f 1463//1463 1192//1192 1488//1488
f 1434//1434 1443//1443 1428//1428
f 1418//1418 1396//1396 1397//1397
f 1164//1164 1485//1485 1475//1475
f 1164//1164 1340//1340 1485//1485
f 1237//1237 1255//1255 1340//1340
f 1300//1300 1310//1310 1303//1303
f 1164//1164 1237//1237 1340//1340
f 533//533 913//913 136//136
f 294//294 1454//1454 18//18
f 1319//1319 1357//1357 1337//1337
f 1422//1422 1322//1322 1483//1483
f 1300//1300 1303//1303 464//464
f 1406//1406 1420//1420 1419//1419
f 809//809 153//153 172//172
f 1237//1237 216//216 1255//1255
f 1379//1379 1400//1400 1378//1378
f 1484//1484 1471//1471 136//136
f 1436//1436 1440//1440 1446//1446
f 1447//1447 1471//1471 1484//1484
f 1471//1471 533//533 136//136
f 1389//1389 1406//1406 1388//1388
f 1397//1397 1438//1438 1418//1418
f 1444//1444 1164//1164 1475//1475
f 616//616 617//617 72//72
f 317//317 1444//1444 1415//1415
f 1446//1446 1447//1447 1484//1484
f 1322//1322 756//756 1483//1483
f 1337//1337 1369//1369 1361//1361
f 1386//1386 704//704 1380//1380
f 1286//1286 1296//1296 1284//1284
f 1440//1440 1447//1447 1446//1446
f 717//717 803//803 756//756
f 733//733 1216//1216 291//291
f 1343//1343 1337//1337 1361//1361
f 1325//1325 1337//1337 1343//1343
f 705//705 1386//1386 711//711
f 497//497 1372//1372 1366//1366
f 533//533 1471//1471 1422//1422
f 466//466 1421//1421 1398//1398
f 1376//1376 1388//1388 1357//1357
f 1444//1444 1237//1237 1164//1164
f 1444//1444 364//364 1237//1237
f 1378//1378 1364//1364 1349//1349
f 1366//1366 1380//1380 1371//1371
f 1371//1371 1380//1380 704//704
f 1361//1361 1397//1397 1396//1396
f 1447//1447 1461//1461 1471//1471
f 1194//1194 756//756 1322//1322
f 1488//1488 719//719 718//718
f 1378//1378 1399//1399 1364//1364
f 705//705 728//728 704//704
f 1399//1399 1398//1398 1364//1364
f 1372//1372 1380//1380 1366//1366
f 1461//1461 385//385 1471//1471
f 1384//1384 1360//1360 1341//1341
f 364//364 203//203 1237//1237
f 1471//1471 385//385 1422//1422
f 1443//1443 1453//1453 1428//1428
f 1313//1313 1312//1312 1070//1070
f 1372//1372 1391//1391 1380//1380
f 1391//1391 1386//1386 1380//1380
f 1440//1440 1448//1448 1447//1447
f 1422//1422 1331//1331 1322//1322
f 1353//1353 1396//1396 1384//1384
f 1306//1306 1305//1305 1290//1290
f 1441//1441 1474//1474 1462//1462
f 1426//1426 1454//1454 1434//1434
f 1326//1326 1319//1319 1337//1337
f 1153//1153 1279//1279 1278//1278
f 1133//1133 882//882 1436//1436
f 1436//1436 882//882 1440//1440
f 1461//1461 1472//1472 385//385
f 1422//1422 385//385 1331//1331
f 1431//1431 1194//1194 1322//1322
f 1286//1286 1287//1287 1289//1289
f 1381//1381 1391//1391 1372//1372
f 1440//1440 882//882 1448//1448
f 1448//1448 1461//1461 1447//1447
f 1511//1511 1458//1458 1507//1507
f 1273//1273 1163//1163 585//585
f 1381//1381 1372//1372 1333//1333
f 749//749 753//753 840//840
f 1448//1448 882//882 871//871
f 1322//1322 1331//1331 1431//1431
f 1470//1470 1194//1194 1431//1431
f 1194//1194 1470//1470 764//764
f 1399//1399 300//300 1398//1398
f 1472//1472 512//512 385//385
f 512//512 1331//1331 385//385
f 1192//1192 1216//1216 733//733
f 1321//1321 1339//1339 1328//1328
f 1391//1391 1404//1404 1386//1386
f 1403//1403 1406//1406 1419//1419
f 1317//1317 1333//1333 1312//1312
f 308//308 311//311 1379//1379
f 1381//1381 1333//1333 1317//1317
f 871//871 1467//1467 1448//1448
f 1438//1438 1397//1397 1419//1419
f 1321//1321 1327//1327 1320//1320
f 467//467 1345//1345 1330//1330
f 1345//1345 1329//1329 1330//1330
f 1313//1313 1317//1317 1312//1312
f 1345//1345 1349//1349 1329//1329
f 1461//1461 1467//1467 1472//1472
f 1470//1470 1439//1439 764//764
f 1392//1392 1391//1391 1381//1381
f 1392//1392 1411//1411 1391//1391
f 1411//1411 1404//1404 1391//1391
f 1448//1448 1467//1467 1461//1461
f 1460//1460 1431//1431 1331//1331
f 1431//1431 1430//1430 1470//1470
f 719//719 726//726 718//718
f 1467//1467 784//784 1472//1472
f 1460//1460 1430//1430 1431//1431
f 822//822 1291//1291 814//814
f 1293//1293 1317//1317 1313//1313
f 1382//1382 1392//1392 1381//1381
f 1411//1411 1107//1107 1404//1404
f 1107//1107 1437//1437 713//713
f 713//713 1437//1437 714//714
f 286//286 972//972 1459//1459
f 1476//1476 1331//1331 512//512
f 1353//1353 1343//1343 1396//1396
f 816//816 1291//1291 821//821
f 1291//1291 1293//1293 814//814
f 1334//1334 1317//1317 1293//1293
f 1437//1437 1107//1107 1411//1411
f 1430//1430 1477//1477 1470//1470
f 712//712 711//711 1107//1107
f 1463//1463 1474//1474 1456//1456
f 1277//1277 1291//1291 816//816
f 1292//1292 1293//1293 1291//1291
f 1367//1367 1381//1381 1317//1317
f 1423//1423 1455//1455 1437//1437
f 1455//1455 1478//1478 707//707
f 1223//1223 1516//1516 1522//1522
f 712//712 1107//1107 713//713
f 1476//1476 1460//1460 1331//1331
f 1356//1356 1385//1385 1369//1369
f 1334//1334 1293//1293 1292//1292
f 1367//1367 1382//1382 1381//1381
f 1411//1411 1423//1423 1437//1437
f 1455//1455 1473//1473 1478//1478
f 1282//1282 1289//1289 1287//1287
f 1343//1343 1361//1361 1396//1396
f 1334//1334 1367//1367 1317//1317
f 722//722 1371//1371 704//704
f 1460//1460 1466//1466 1430//1430
f 1408//1408 1425//1425 1407//1407
f 1288//1288 1291//1291 1277//1277
f 1288//1288 1292//1292 1291//1291
f 1466//1466 581//581 1430//1430
f 1061//1061 1288//1288 1277//1277
f 1288//1288 1309//1309 1292//1292
f 1430//1430 581//581 1477//1477
f 787//787 799//799 1466//1466
f 1309//1309 1334//1334 1292//1292
f 1473//1473 1486//1486 708//708
f 1288//1288 1294//1294 1309//1309
f 1334//1334 1346//1346 1367//1367
f 1373//1373 1382//1382 1367//1367
f 1392//1392 1423//1423 1411//1411
f 1449//1449 1455//1455 1423//1423
f 1449//1449 1473//1473 1455//1455
f 1379//1379 1378//1378 1350//1350
f 541//541 1435//1435 763//763
f 1307//1307 1309//1309 1294//1294
f 1307//1307 1323//1323 1309//1309
f 1323//1323 1334//1334 1309//1309
f 1358//1358 1373//1373 1367//1367
f 787//787 1466//1466 1460//1460
f 1080//1080 1282//1282 1280//1280
f 1290//1290 1289//1289 1282//1282
f 1346//1346 1334//1334 1323//1323
f 1449//1449 1486//1486 1473//1473
f 1486//1486 723//723 708//708
f 1466//1466 132//132 581//581
f 294//294 1443//1443 1454//1454
f 1284//1284 1294//1294 1288//1288
f 1314//1314 1323//1323 1307//1307
f 1346//1346 1358//1358 1367//1367
f 1443//1443 294//294 1465//1465
f 1282//1282 1287//1287 1280//1280
f 1396//1396 1418//1418 1427//1427
f 1304//1304 1314//1314 1307//1307
f 1314//1314 1335//1335 1323//1323
f 1358//1358 1374//1374 1373//1373
f 1285//1285 1290//1290 1282//1282
f 710//710 709//709 723//723
f 1294//1294 1295//1295 1307//1307
f 1295//1295 1304//1304 1307//1307
f 1487//1487 723//723 1486//1486
f 1310//1310 1319//1319 1326//1326
f 1245//1245 1284//1284 1288//1288
f 1296//1296 1294//1294 1284//1284
f 1296//1296 1295//1295 1294//1294
f 1479//1479 1486//1486 1449//1449
f 1479//1479 1487//1487 1486//1486
f 1484//1484 136//136 919//919
f 1304//1304 1336//1336 1314//1314
f 1336//1336 1335//1335 1314//1314
f 1359//1359 1358//1358 1346//1346
f 1416//1416 1449//1449 1423//1423
f 1406//1406 1403//1403 1388//1388
f 1285//1285 1299//1299 1290//1290
f 1352//1352 1335//1335 1336//1336
f 1400//1400 1399//1399 1378//1378
f 1389//1389 1388//1388 1376//1376
f 1480//1480 1464//1464 1452//1452
f 1321//1321 1320//1320 1300//1300
f 468//468 1321//1321 1300//1300
f 1290//1290 1299//1299 1306//1306
f 1299//1299 1325//1325 1306//1306
f 1300//1300 1320//1320 1310//1310
f 1278//1278 1284//1284 1245//1245
f 1296//1296 1301//1301 1295//1295
f 1301//1301 1304//1304 1295//1295
f 1375//1375 1358//1358 1359//1359
f 1375//1375 1374//1374 1358//1358
f 1216//1216 1192//1192 1480//1480
f 1451//1451 1457//1457 1427//1427
f 1336//1336 1304//1304 1301//1301
f 1375//1375 1383//1383 1374//1374
f 1462//1462 1449//1449 1416//1416
f 1297//1297 1301//1301 1296//1296
f 1462//1462 1479//1479 1449//1449
f 1482//1482 1445//1445 1255//1255
f 1298//1298 1289//1289 1302//1302
# 2999 faces, 0 coords texture

# End of File
